entry_month,PERMNO,weight
2021-01-01,11891,7.153354358974488e-18
2021-01-01,12060,0.0
2021-01-01,12369,0.0
2021-01-01,12431,0.11916681531222915
2021-01-01,12622,5.2983158266123424e-18
2021-01-01,13035,0.04700156374308301
2021-01-01,13103,2.256282413680713e-18
2021-01-01,13511,0.09020538449488734
2021-01-01,13760,1.5493074089465307e-17
2021-01-01,14776,9.159966185755833e-19
2021-01-01,15826,9.590875964548843e-19
2021-01-01,19350,0.0
2021-01-01,19583,0.0
2021-01-01,24643,3.218639391860548e-18
2021-01-01,26403,0.18960000397823973
2021-01-01,60628,0.0
2021-01-01,61241,0.0
2021-01-01,75186,0.0
2021-01-01,75912,0.047842710535752474
2021-01-01,76230,0.0
2021-01-01,76712,0.03711974756542534
2021-01-01,77178,0.0
2021-01-01,80191,0.0
2021-01-01,81055,3.248208428348803e-19
2021-01-01,81655,0.0
2021-01-01,81774,8.538283335318861e-18
2021-01-01,85663,8.100472309700665e-18
2021-01-01,85792,0.0
2021-01-01,85913,0.0
2021-01-01,87447,0.3334959316563938
2021-01-01,88182,7.403857334734495e-18
2021-01-01,88661,1.8969155007844837e-18
2021-01-01,88860,0.0
2021-01-01,89138,0.13022519399448473
2021-01-01,90386,3.020784727269521e-18
2021-01-01,90455,0.0
2021-01-01,90720,8.945434627364155e-18
2021-01-01,90808,0.0
2021-01-01,91041,0.0
2021-01-01,91611,0.005342648719504541
2021-01-01,93246,0.0
2021-01-01,93436,0.0
2021-02-01,11891,3.1835203926960844e-18
2021-02-01,12060,0.0
2021-02-01,12369,3.7103484161086575e-18
2021-02-01,12476,3.0001906991747318e-18
2021-02-01,13103,0.0
2021-02-01,13760,8.14051601870586e-19
2021-02-01,13963,0.16476862678469253
2021-02-01,14702,0.0
2021-02-01,14776,0.0
2021-02-01,15826,0.0
2021-02-01,19350,0.09788526128000835
2021-02-01,19583,0.0
2021-02-01,24643,0.0
2021-02-01,25232,0.0
2021-02-01,25785,0.049255113283976575
2021-02-01,35044,0.0
2021-02-01,53613,0.0
2021-02-01,75186,0.010753830137074297
2021-02-01,75912,0.12247621897695482
2021-02-01,76712,0.0896901814401096
2021-02-01,77129,0.030140635056251416
2021-02-01,80100,0.0
2021-02-01,80191,0.0
2021-02-01,81055,1.3353209715668028e-18
2021-02-01,81655,0.0
2021-02-01,81774,0.0
2021-02-01,82598,0.04692050653191481
2021-02-01,85663,1.5185712557493503e-19
2021-02-01,85792,0.03066888491254071
2021-02-01,87137,6.70243936272527e-18
2021-02-01,88182,0.0
2021-02-01,88661,2.182698025955925e-18
2021-02-01,88860,0.0
2021-02-01,89031,0.028766252781034986
2021-02-01,89138,0.1751563286508676
2021-02-01,89641,0.04700219338050146
2021-02-01,90386,1.3086394337282923e-18
2021-02-01,90720,0.0
2021-02-01,90808,1.445594073387472e-18
2021-02-01,91611,0.03174550546602669
2021-02-01,91926,0.0
2021-02-01,93246,0.06619825966554736
2021-02-01,93436,0.008572201652498735
2021-03-01,11891,0.0
2021-03-01,12060,0.009575211627627384
2021-03-01,12369,2.253107639696439e-18
2021-03-01,12476,2.9205696021328276e-18
2021-03-01,13103,3.198396408832238e-18
2021-03-01,13641,7.724940478959219e-19
2021-03-01,13760,0.0
2021-03-01,14702,0.0
2021-03-01,14889,0.0
2021-03-01,19350,0.12802110708904876
2021-03-01,19583,5.10930273783794e-18
2021-03-01,24643,4.230082538587976e-18
2021-03-01,25232,1.832979297858306e-18
2021-03-01,25785,0.08589175179624045
2021-03-01,34746,3.3203691532368573e-19
2021-03-01,34833,6.776263578034403e-21
2021-03-01,35044,9.537590986083422e-19
2021-03-01,42906,0.0
2021-03-01,48486,0.0
2021-03-01,53613,0.0
2021-03-01,64995,2.0464316005663896e-18
2021-03-01,66384,5.840292171318401e-18
2021-03-01,75034,3.1594328932585403e-19
2021-03-01,75154,4.228388472693467e-18
2021-03-01,75186,0.05216716790483571
2021-03-01,76795,0.058037001622886435
2021-03-01,79686,0.04633976976697143
2021-03-01,80100,0.0
2021-03-01,80191,0.02016945325191916
2021-03-01,80204,0.10194709345861265
2021-03-01,81055,4.374078139621207e-18
2021-03-01,81774,4.0657581468206416e-20
2021-03-01,85072,0.02709218501101696
2021-03-01,85663,0.0
2021-03-01,85792,0.06495618603016069
2021-03-01,87137,6.240938755369685e-18
2021-03-01,88182,6.301925127571995e-19
2021-03-01,88661,4.580754178751256e-18
2021-03-01,88860,0.0
2021-03-01,89031,0.05433200211440681
2021-03-01,89138,0.23470647286242696
2021-03-01,90199,0.0
2021-03-01,90386,1.8973538018496328e-18
2021-03-01,90808,0.0161987703373016
2021-03-01,93246,0.10056582712654479
2021-04-01,11891,5.421010862427522e-20
2021-04-01,12060,0.018439869825853616
2021-04-01,12369,1.5910666881224778e-17
2021-04-01,12476,0.0
2021-04-01,12872,2.9002408113987244e-18
2021-04-01,13641,0.0
2021-04-01,13963,0.22389042164658202
2021-04-01,14277,1.5415999640028266e-18
2021-04-01,14702,0.0
2021-04-01,14889,3.0696474008495844e-18
2021-04-01,15707,0.043936227890633554
2021-04-01,19583,1.7753810574450135e-18
2021-04-01,23819,0.0
2021-04-01,24643,2.2073678605447067e-18
2021-04-01,25232,0.0
2021-04-01,25785,0.09155582081225017
2021-04-01,34746,1.951563910473908e-18
2021-04-01,34817,0.025167501346042523
2021-04-01,34833,5.55653613398821e-19
2021-04-01,35044,4.3613726454123924e-18
2021-04-01,39490,8.944667923005412e-19
2021-04-01,42906,0.0
2021-04-01,46886,0.039453240348843406
2021-04-01,48486,2.439454888092385e-19
2021-04-01,53613,1.8201679245310846e-18
2021-04-01,66384,0.0
2021-04-01,70519,0.0
2021-04-01,75154,0.0
2021-04-01,75186,0.05972550463069964
2021-04-01,75825,0.0
2021-04-01,76795,0.0864347863831774
2021-04-01,80100,0.0
2021-04-01,81055,1.24386788304294e-18
2021-04-01,81774,2.5394047758683924e-18
2021-04-01,82775,0.09541493689878075
2021-04-01,83011,0.027133259561003004
2021-04-01,84262,1.3552527156068805e-19
2021-04-01,85072,0.020246592276007898
2021-04-01,85663,2.927345865710862e-18
2021-04-01,87137,2.710505431213761e-19
2021-04-01,88182,0.0
2021-04-01,88661,7.081195439045951e-19
2021-04-01,89138,0.261193244604771
2021-04-01,89533,6.522153693858113e-19
2021-04-01,90386,3.945479468310531e-18
2021-04-01,90808,0.007408593775354942
2021-05-01,11850,0.2051759912687934
2021-05-01,11891,0.0
2021-05-01,12476,2.2333082445543696e-18
2021-05-01,12872,0.0
2021-05-01,13356,3.2052785515286793e-18
2021-05-01,13641,0.0
2021-05-01,13760,0.0
2021-05-01,13928,2.8412661424461437e-18
2021-05-01,13963,0.13645566465628506
2021-05-01,13964,0.0
2021-05-01,14277,4.143896936204851e-18
2021-05-01,14702,0.0
2021-05-01,15707,0.0
2021-05-01,19583,8.149515743770437e-19
2021-05-01,23579,2.6925059810846072e-18
2021-05-01,24643,3.734991780917837e-18
2021-05-01,25232,0.0
2021-05-01,27828,0.0
2021-05-01,30681,0.24599107225818456
2021-05-01,34833,2.9767914140068318e-18
2021-05-01,38703,8.661017764793628e-18
2021-05-01,39490,0.0
2021-05-01,48486,2.948733447629033e-19
2021-05-01,66384,1.2412209050827704e-18
2021-05-01,75154,5.303485040995988e-19
2021-05-01,75825,1.476166668827432e-18
2021-05-01,77129,0.0
2021-05-01,79782,0.059057689914649165
2021-05-01,80100,1.5472115572783864e-18
2021-05-01,80191,0.0
2021-05-01,81055,3.529480412090263e-18
2021-05-01,81774,0.0
2021-05-01,83011,0.02294607139205745
2021-05-01,85059,0.0
2021-05-01,85072,4.750160768202116e-18
2021-05-01,85269,2.012867920031438e-18
2021-05-01,85663,8.179161896924338e-19
2021-05-01,86868,0.0
2021-05-01,87137,0.0
2021-05-01,88661,3.3642031082572674e-18
2021-05-01,89641,0.05785252381355176
2021-05-01,90386,2.8773709218228583e-18
2021-05-01,90808,1.2691518165184809e-17
2021-05-01,90829,0.0
2021-05-01,92108,0.0835566755493268
2021-05-01,93132,0.17284676360476417
2021-05-01,93436,0.01611754754238768
2021-06-01,11850,0.11724741262509536
2021-06-01,11891,0.0
2021-06-01,12476,7.58518004266226e-19
2021-06-01,12872,0.0
2021-06-01,13641,4.353749348887104e-19
2021-06-01,13963,0.0738803798510616
2021-06-01,14277,1.1722935989999517e-18
2021-06-01,14702,0.0
2021-06-01,14776,0.0
2021-06-01,14889,0.0
2021-06-01,19583,0.0
2021-06-01,23473,0.0737757796860815
2021-06-01,23579,0.0
2021-06-01,24643,6.765675666193724e-20
2021-06-01,25232,1.4166626042828173e-18
2021-06-01,25785,1.3619866275375522e-17
2021-06-01,34746,0.0
2021-06-01,34817,0.0
2021-06-01,34833,0.0
2021-06-01,35044,8.614325073576234e-19
2021-06-01,37584,5.1033735072071595e-18
2021-06-01,38703,1.4111568901256644e-18
2021-06-01,39490,0.0
2021-06-01,59408,1.5742107324721172e-18
2021-06-01,64995,0.0
2021-06-01,66384,1.581834028997406e-19
2021-06-01,75186,0.0
2021-06-01,75607,0.1919084599294531
2021-06-01,75825,0.0
2021-06-01,77129,0.0
2021-06-01,79698,0.0860274049265004
2021-06-01,80100,0.0
2021-06-01,81055,0.0
2021-06-01,81774,6.893789399465937e-19
2021-06-01,82775,0.0
2021-06-01,83011,7.881641574201265e-19
2021-06-01,83143,0.21252703775704182
2021-06-01,84262,0.0
2021-06-01,85059,0.0
2021-06-01,85269,0.0
2021-06-01,86868,1.756111057894978e-18
2021-06-01,87137,8.046812998915853e-21
2021-06-01,88661,3.758708703440958e-20
2021-06-01,89138,0.12073518331304536
2021-06-01,89641,0.010546873137925024
2021-06-01,90386,7.165898733771381e-19
2021-06-01,92108,0.0
2021-06-01,93132,0.06904904371262038
2021-06-01,93246,0.04430242506117543
2021-07-01,11850,0.09119182035824341
2021-07-01,11990,0.0
2021-07-01,12369,5.728663484825489e-19
2021-07-01,12476,2.339294627023893e-19
2021-07-01,12872,1.1894848342302833e-19
2021-07-01,13210,3.644150707865213e-18
2021-07-01,13641,3.455998385836451e-19
2021-07-01,13928,0.0
2021-07-01,13963,0.03456676435661593
2021-07-01,14277,0.0
2021-07-01,14542,0.13850407012114588
2021-07-01,14702,0.0
2021-07-01,14776,0.0
2021-07-01,19583,0.0
2021-07-01,23579,0.0
2021-07-01,24328,0.02761018071123244
2021-07-01,25232,1.525702985094204e-18
2021-07-01,25785,1.4506999923360864e-19
2021-07-01,34817,4.827033782765002e-19
2021-07-01,34833,0.0
2021-07-01,38703,0.0
2021-07-01,39490,1.8860524282418713e-18
2021-07-01,45356,0.11319537151141064
2021-07-01,75694,0.1901764283786202
2021-07-01,75825,0.0
2021-07-01,79698,0.018372258243093537
2021-07-01,79782,6.81876931806093e-18
2021-07-01,80100,0.0
2021-07-01,81055,0.0
2021-07-01,81774,1.3363414707640408e-18
2021-07-01,83011,5.539739745540221e-19
2021-07-01,83143,0.045008408758728136
2021-07-01,84262,0.0
2021-07-01,85059,0.0
2021-07-01,85269,0.0
2021-07-01,86580,1.348657930569936e-19
2021-07-01,86868,0.0
2021-07-01,87137,1.2230525781880297e-18
2021-07-01,88281,7.69236600855306e-18
2021-07-01,89031,8.643729223891801e-19
2021-07-01,89244,2.111634824206355e-19
2021-07-01,89641,0.008788786239356727
2021-07-01,90305,0.3184618460457885
2021-07-01,92108,0.0
2021-07-01,93132,0.014124065275764515
2021-07-01,93246,0.0
2021-08-01,10104,0.046487504668339584
2021-08-01,11990,0.0
2021-08-01,12431,0.0
2021-08-01,12476,1.8295084765658066e-18
2021-08-01,12622,2.0143331810907794e-19
2021-08-01,13210,0.0
2021-08-01,13928,2.8523844392353233e-19
2021-08-01,14542,0.04065118934218508
2021-08-01,14617,3.4583356087459063e-18
2021-08-01,14702,8.050495665638408e-20
2021-08-01,23579,2.88489593186667e-19
2021-08-01,25953,0.0
2021-08-01,34817,0.0
2021-08-01,38703,0.0
2021-08-01,45356,0.056639324407059814
2021-08-01,49154,0.08466192869100286
2021-08-01,52476,0.04913006771267339
2021-08-01,59176,0.0
2021-08-01,59300,0.01649308895103138
2021-08-01,65947,0.0
2021-08-01,69032,5.189722613968151e-19
2021-08-01,75694,0.0934866340352318
2021-08-01,75825,0.0065122701206395345
2021-08-01,76605,0.06285931450823126
2021-08-01,76795,0.0
2021-08-01,78975,1.3004198597618941e-18
2021-08-01,79094,0.0
2021-08-01,79452,3.182107932742412e-18
2021-08-01,79698,1.4147375304701612e-18
2021-08-01,80183,0.0
2021-08-01,81055,5.868067837793547e-19
2021-08-01,81774,2.0922224911634252e-18
2021-08-01,82651,0.02909390467709621
2021-08-01,84262,0.0
2021-08-01,86580,0.0
2021-08-01,87137,2.6370875657977067e-18
2021-08-01,87717,0.1434929644893671
2021-08-01,88281,1.9161648692890668e-19
2021-08-01,90199,4.588368016045686e-19
2021-08-01,90248,0.15030576875737742
2021-08-01,90305,0.22018603963976452
2021-08-01,90319,0.0
2021-08-01,92108,0.0
2021-08-01,92402,9.036125598442898e-19
2021-08-01,93132,2.1591007020148237e-18
2021-08-01,93246,0.0
2021-09-01,10138,0.0
2021-09-01,11990,1.5235454357405148e-19
2021-09-01,12476,0.000446422502811969
2021-09-01,12622,0.0
2021-09-01,13210,6.865407703444124e-19
2021-09-01,13407,1.3846211254255152e-18
2021-09-01,14542,0.022778457270674728
2021-09-01,14617,0.0
2021-09-01,16678,0.16925876804349607
2021-09-01,23579,0.0
2021-09-01,25953,1.89239245239667e-18
2021-09-01,34817,0.0
2021-09-01,42200,0.01841032351920381
2021-09-01,49680,0.10970262564474405
2021-09-01,52476,0.03352770456056197
2021-09-01,62498,0.06253970856354626
2021-09-01,75510,9.992622258679907e-21
2021-09-01,76614,0.033863267323878024
2021-09-01,78975,0.0
2021-09-01,79094,0.0
2021-09-01,79452,0.006241974639640012
2021-09-01,79698,3.3825285846349755e-19
2021-09-01,80183,0.0
2021-09-01,80191,0.0
2021-09-01,81736,0.0
2021-09-01,82515,9.52018007927366e-18
2021-09-01,82598,0.0
2021-09-01,82651,0.03639389668655079
2021-09-01,83011,1.2670051030446834e-19
2021-09-01,83143,0.011664204774772553
2021-09-01,84262,0.0
2021-09-01,86580,0.0
2021-09-01,86996,0.04586365125781258
2021-09-01,87432,1.059773207862672e-18
2021-09-01,88281,4.458130404692256e-19
2021-09-01,88352,0.0
2021-09-01,88837,0.1230141776281864
2021-09-01,90248,0.13354864079282272
2021-09-01,90305,0.19274617679129818
2021-09-01,90319,3.403590626955035e-18
2021-09-01,90601,1.1469937291836576e-18
2021-09-01,92108,4.532171963600146e-19
2021-09-01,92402,2.9247622780197256e-19
2021-09-01,93132,0.0
2021-10-01,12476,0.0
2021-10-01,12591,5.947240573574719e-19
2021-10-01,12622,1.1373530551862715e-18
2021-10-01,13210,1.9176957019605533e-18
2021-10-01,13511,0.025532317503599883
2021-10-01,13641,0.016396642245977196
2021-10-01,13928,0.003209005057250101
2021-10-01,14542,0.0
2021-10-01,14579,0.0
2021-10-01,14617,0.0
2021-10-01,42200,0.031115111976558193
2021-10-01,49680,0.08331610370254339
2021-10-01,52476,0.043756907924110876
2021-10-01,61241,0.0
2021-10-01,62498,0.07067494205930148
2021-10-01,76614,0.05100143511795411
2021-10-01,78975,1.328717896978746e-19
2021-10-01,79452,0.010137744864387987
2021-10-01,79698,2.9609076273284174e-18
2021-10-01,80183,0.0
2021-10-01,80191,4.470110567800491e-18
2021-10-01,81055,1.98533977451825e-18
2021-10-01,81736,5.545906936094084e-20
2021-10-01,83597,0.0
2021-10-01,85792,0.02440335594136355
2021-10-01,86580,0.0
2021-10-01,87055,0.2687858405156502
2021-10-01,87137,0.0
2021-10-01,87657,0.0
2021-10-01,88281,1.2516041695888303e-19
2021-10-01,88352,0.0
2021-10-01,90215,5.477690540936626e-18
2021-10-01,90248,0.12896101111954864
2021-10-01,90305,0.21578093760870365
2021-10-01,90319,2.2218695760905997e-18
2021-10-01,90455,1.4143507622505385e-19
2021-10-01,90601,0.0
2021-10-01,90664,2.9613907169004957e-19
2021-10-01,91068,0.026928644363050855
2021-10-01,92108,3.3400346227570363e-19
2021-10-01,92203,1.3417493089740096e-18
2021-10-01,92402,1.1877302274568156e-19
2021-10-01,93132,8.976198177460105e-19
2021-11-01,11990,0.0
2021-11-01,12476,0.0
2021-11-01,12591,0.0
2021-11-01,13210,0.0
2021-11-01,13447,9.851034655116043e-20
2021-11-01,13511,0.052290711950119646
2021-11-01,13641,4.373188702459469e-19
2021-11-01,13928,0.0
2021-11-01,14579,0.0
2021-11-01,14617,1.337047325594745e-18
2021-11-01,22779,0.05513469743865848
2021-11-01,25785,0.013797317061832457
2021-11-01,34817,1.2293380410246629e-18
2021-11-01,42200,0.07651604095605842
2021-11-01,50876,0.11936110796807371
2021-11-01,61241,3.17579700563462e-19
2021-11-01,62092,0.05413695150905199
2021-11-01,76082,0.07352099434159969
2021-11-01,76614,0.0577425591362968
2021-11-01,77037,0.055315713062576675
2021-11-01,77357,1.6928518900659289e-18
2021-11-01,78975,3.6262303856325855e-19
2021-11-01,79452,0.05273674721302293
2021-11-01,79698,0.01767165101163288
2021-11-01,80191,2.7297278911324365e-20
2021-11-01,81736,3.148978386392013e-19
2021-11-01,83597,0.0
2021-11-01,86356,0.10767357199585936
2021-11-01,86580,0.0
2021-11-01,87137,0.0
2021-11-01,88281,6.018184058794919e-19
2021-11-01,89393,0.02203941357761049
2021-11-01,90305,0.23829793102354696
2021-11-01,90455,0.0
2021-11-01,90664,0.0037645917540596076
2021-11-01,91611,0.0
2021-11-01,92108,2.209823325451696e-19
2021-11-01,92203,1.0561590259254067e-18
2021-11-01,92402,0.0
2021-11-01,93132,1.7697916358371793e-19
2021-11-01,93246,0.0
2021-11-01,93436,0.0
2021-12-01,10107,0.0
2021-12-01,11403,0.0
2021-12-01,11990,0.0
2021-12-01,12093,0.06927773838696284
2021-12-01,12476,1.6535496774485332e-19
2021-12-01,13447,0.0
2021-12-01,13511,0.05405342221909935
2021-12-01,13641,0.009169766172975893
2021-12-01,14579,4.772737567721433e-19
2021-12-01,14593,0.0
2021-12-01,14617,0.0
2021-12-01,14714,9.27087215047757e-19
2021-12-01,14939,0.004927170920755056
2021-12-01,16309,0.0
2021-12-01,21936,0.219340941671341
2021-12-01,25785,0.023421575640730746
2021-12-01,46886,4.551918297265228e-19
2021-12-01,61241,5.252978695824903e-19
2021-12-01,62092,0.059060608062338524
2021-12-01,75510,0.0
2021-12-01,77037,0.01937989826932017
2021-12-01,77178,0.0
2021-12-01,77357,0.0
2021-12-01,78975,0.0
2021-12-01,79452,0.0
2021-12-01,79698,0.0019614663865141456
2021-12-01,80183,2.3744217840516486e-18
2021-12-01,80191,0.0
2021-12-01,81481,0.05537471841874721
2021-12-01,83597,0.0
2021-12-01,85592,1.4939443814132583e-17
2021-12-01,86580,0.0
2021-12-01,87055,0.2729893740311141
2021-12-01,87137,3.905370142006574e-19
2021-12-01,88182,0.0
2021-12-01,90305,0.19088628217808165
2021-12-01,90455,0.0
2021-12-01,90664,0.010718743971421547
2021-12-01,90720,7.772029916378974e-19
2021-12-01,91611,0.009438293670597793
2021-12-01,92108,0.0
2021-12-01,92203,0.0
2021-12-01,92402,0.0
2021-12-01,93089,7.097562001065754e-18
2021-12-01,93132,0.0
2021-12-01,93436,0.0
2022-01-01,11403,0.0
2022-01-01,13210,2.733544943039961e-18
2022-01-01,13511,0.04079424596639328
2022-01-01,13788,1.636617191747097e-17
2022-01-01,14593,6.471796401180928e-18
2022-01-01,14714,1.7751436318341497e-18
2022-01-01,14939,0.0
2022-01-01,21776,2.0708448496153152e-17
2022-01-01,21936,0.18072249423356626
2022-01-01,25785,0.005934152916838844
2022-01-01,42200,0.024008830050776035
2022-01-01,46886,6.93022986563515e-19
2022-01-01,61241,5.17587844305897e-20
2022-01-01,61399,4.005365727036131e-18
2022-01-01,62092,7.068889973357799e-19
2022-01-01,62498,0.06968894737606161
2022-01-01,63467,0.062336317594914294
2022-01-01,66181,0.0
2022-01-01,76605,0.0498694651226592
2022-01-01,77037,1.3529269849523573e-17
2022-01-01,77357,1.1929621449951826e-17
2022-01-01,78975,1.8275938024324665e-18
2022-01-01,79452,0.0
2022-01-01,79698,0.0
2022-01-01,80183,1.3830409862830003e-17
2022-01-01,80191,6.208931974606941e-19
2022-01-01,81061,0.0
2022-01-01,81481,0.03725248201637462
2022-01-01,83597,0.0
2022-01-01,84373,0.0765850211440869
2022-01-01,85592,0.0
2022-01-01,86580,1.0168959229977368e-18
2022-01-01,86964,0.051595579597787905
2022-01-01,87055,0.21662806357278389
2022-01-01,87137,0.0
2022-01-01,88182,0.0
2022-01-01,89071,0.0
2022-01-01,89641,0.0
2022-01-01,90305,0.1845844004077573
2022-01-01,90455,0.0
2022-01-01,90720,0.0
2022-01-01,90829,3.0457523157011404e-18
2022-01-01,91041,3.3482402347047624e-18
2022-01-01,92108,1.8140787089613882e-18
2022-01-01,93002,0.0
2022-01-01,93089,2.738601884306199e-18
2022-01-01,93132,1.4053729322179897e-18
2022-01-01,93436,0.0
2022-02-01,10516,0.05776906838575502
2022-02-01,11850,0.0
2022-02-01,12476,0.0
2022-02-01,12872,3.792584552319341e-19
2022-02-01,13511,0.10125568461418087
2022-02-01,13641,1.6749393779104981e-18
2022-02-01,13688,3.397678451107024e-18
2022-02-01,13928,0.0
2022-02-01,14277,4.3200931675577253e-19
2022-02-01,14541,0.0
2022-02-01,14714,0.0
2022-02-01,14889,0.0
2022-02-01,17005,0.07338799837951726
2022-02-01,21776,0.05398248687823902
2022-02-01,21936,0.3074289039880345
2022-02-01,23819,1.8546743412766316e-19
2022-02-01,25785,5.791562336454807e-19
2022-02-01,27828,0.0
2022-02-01,34746,0.0
2022-02-01,34833,5.450288223135598e-19
2022-02-01,35554,0.0
2022-02-01,38156,0.0
2022-02-01,39490,1.1659626082531152e-18
2022-02-01,61399,0.0
2022-02-01,64995,5.388771844992231e-19
2022-02-01,66800,2.685096175910175e-19
2022-02-01,69649,0.0
2022-02-01,75034,2.246841739383495e-19
2022-02-01,75186,4.675865463466184e-18
2022-02-01,75825,2.031707785105344e-19
2022-02-01,76082,0.07037324060148446
2022-02-01,77730,0.14426564514679002
2022-02-01,81061,9.144164894477868e-18
2022-02-01,81481,0.062105138297423576
2022-02-01,85269,0.0
2022-02-01,85592,0.08013662856184854
2022-02-01,86580,1.0457555329038498e-18
2022-02-01,87137,8.323128991721054e-20
2022-02-01,88182,1.4939786722340653e-19
2022-02-01,89138,0.03828838372051815
2022-02-01,89641,0.0110068214262087
2022-02-01,90386,5.814777472906287e-20
2022-02-01,90720,5.032324983966183e-19
2022-02-01,90829,1.4425784822098338e-19
2022-02-01,91041,0.0
2022-02-01,93436,7.934435948447022e-18
2022-03-01,10516,0.0756747141017151
2022-03-01,11850,0.0
2022-03-01,12476,1.36716384341391e-18
2022-03-01,12872,1.3516951108173833e-19
2022-03-01,13356,0.0
2022-03-01,13511,0.08915440011459352
2022-03-01,13641,1.3614352917865643e-18
2022-03-01,13688,3.3040277228132704e-18
2022-03-01,13721,0.17526211559359378
2022-03-01,13928,1.9516992682260613e-19
2022-03-01,14277,0.0
2022-03-01,14541,1.4403543645178658e-19
2022-03-01,14714,1.4833489611116102e-18
2022-03-01,14889,0.0
2022-03-01,17005,0.08375095657141225
2022-03-01,17743,1.5295419850795922e-18
2022-03-01,17830,2.2425347284773105e-18
2022-03-01,21178,0.12271036442217767
2022-03-01,21776,0.11197894984937068
2022-03-01,23819,2.4003251986575485e-19
2022-03-01,24328,3.39751576744521e-18
2022-03-01,24766,0.12599029379964768
2022-03-01,25232,0.0
2022-03-01,25785,3.6223114386357106e-18
2022-03-01,34746,0.0
2022-03-01,34833,1.280666642135174e-18
2022-03-01,35554,0.0
2022-03-01,38156,5.850130921383096e-19
2022-03-01,39490,4.256091492372799e-19
2022-03-01,64995,0.0
2022-03-01,75034,0.0
2022-03-01,75825,7.600529303515636e-19
2022-03-01,76082,0.07580836797245982
2022-03-01,81061,0.0
2022-03-01,81481,0.07714265054442296
2022-03-01,81774,0.0
2022-03-01,85269,6.680705116249812e-20
2022-03-01,85913,0.008447479343635345
2022-03-01,87137,6.024247493766676e-19
2022-03-01,88182,0.0
2022-03-01,89138,0.054079707686971165
2022-03-01,89269,2.049349285060828e-18
2022-03-01,90386,0.0
2022-03-01,90720,0.0
2022-03-01,90808,1.407032938697851e-18
2022-03-01,90829,1.0516904372208233e-19
2022-03-01,91041,0.0
2022-04-01,10516,0.007377464939254613
2022-04-01,11404,0.17085643275817686
2022-04-01,11850,0.022281822017981765
2022-04-01,12476,0.0
2022-04-01,12872,0.0
2022-04-01,13641,0.0
2022-04-01,13721,0.12318279940055372
2022-04-01,13928,2.234049398383217e-19
2022-04-01,14277,0.0
2022-04-01,14541,0.0
2022-04-01,14714,3.075894268835585e-18
2022-04-01,16678,0.14204360249427728
2022-04-01,17743,4.2975275370130996e-18
2022-04-01,21207,0.15286954175225306
2022-04-01,21776,4.25729347201852e-18
2022-04-01,23819,0.0
2022-04-01,24328,0.0009665062341918598
2022-04-01,27828,0.0
2022-04-01,32986,3.2905112418461432e-18
2022-04-01,34817,1.5221182062159777e-18
2022-04-01,34833,0.0
2022-04-01,38156,0.014562359161188771
2022-04-01,38762,0.0
2022-04-01,39490,3.790472438962994e-20
2022-04-01,48725,0.05137455410881911
2022-04-01,52695,0.003813396435874967
2022-04-01,64653,0.18734752873428714
2022-04-01,75034,1.1108837103240149e-18
2022-04-01,75825,0.0
2022-04-01,76744,0.028969388113237474
2022-04-01,81061,0.0
2022-04-01,81481,0.047039462523438276
2022-04-01,81774,0.0
2022-04-01,84262,3.527892225314161e-19
2022-04-01,85269,5.09807955128682e-19
2022-04-01,86136,1.1324830504789996e-18
2022-04-01,86580,5.728060305807206e-20
2022-04-01,87137,0.0
2022-04-01,88182,6.776263578034403e-19
2022-04-01,89138,0.0404924958828858
2022-04-01,89179,0.0
2022-04-01,89269,4.814005876601409e-18
2022-04-01,90386,0.0
2022-04-01,90829,2.704152684109354e-19
2022-04-01,93002,0.0
2022-04-01,93436,0.006822645443579269
2022-05-01,10516,0.0
2022-05-01,11404,0.09508783134299649
2022-05-01,11850,1.5246546798971617e-17
2022-05-01,12476,0.0
2022-05-01,12872,0.0
2022-05-01,13721,0.055888412959431304
2022-05-01,13901,0.049613495363532184
2022-05-01,13928,0.0
2022-05-01,14277,9.130440385138682e-20
2022-05-01,14541,0.0
2022-05-01,16600,0.01336191281520699
2022-05-01,16678,0.09601528985332713
2022-05-01,17743,0.0
2022-05-01,19393,0.12322987465910319
2022-05-01,21178,0.030224739656548153
2022-05-01,21207,0.1251037030903097
2022-05-01,21371,4.886694591432778e-19
2022-05-01,21776,0.0
2022-05-01,23819,0.0
2022-05-01,24328,1.6064149148518975e-19
2022-05-01,24766,0.010027671929114445
2022-05-01,27828,0.0
2022-05-01,32870,0.16455268410117307
2022-05-01,32986,2.909801230498073e-18
2022-05-01,34817,1.1977430104076291e-18
2022-05-01,34833,0.0
2022-05-01,38156,0.01667010667192764
2022-05-01,39490,0.0
2022-05-01,52090,0.0
2022-05-01,59248,0.0
2022-05-01,64899,0.07125055099092582
2022-05-01,75034,5.369087762394741e-22
2022-05-01,75825,3.5411281382690007e-19
2022-05-01,76082,0.009139939779463674
2022-05-01,76744,0.007974717900646645
2022-05-01,81061,3.2888234818285464e-19
2022-05-01,81481,0.03930957149424634
2022-05-01,81540,9.953825632922681e-19
2022-05-01,84262,0.0
2022-05-01,85269,5.224253419260414e-19
2022-05-01,86136,0.0
2022-05-01,87137,0.0
2022-05-01,89138,0.04000782032065746
2022-05-01,89155,0.05254167707138976
2022-05-01,90386,1.1842257715491974e-18
2022-05-01,90829,0.0
2022-06-01,10516,0.0
2022-06-01,11404,0.25110481789588895
2022-06-01,11850,0.0
2022-06-01,12345,2.7755951713230548e-18
2022-06-01,12476,0.0
2022-06-01,12558,0.0
2022-06-01,12872,6.46110769915425e-19
2022-06-01,13356,2.1475410714488004e-18
2022-06-01,13641,2.6894564286917943e-20
2022-06-01,13721,0.06339927729581761
2022-06-01,13901,0.10461509306701339
2022-06-01,13928,1.09135978623655e-19
2022-06-01,14008,0.0575064429793085
2022-06-01,14277,2.8981540408439773e-19
2022-06-01,14541,1.3780701618476457e-18
2022-06-01,16431,0.01694534705871977
2022-06-01,16736,0.012457472105126917
2022-06-01,17743,1.5763464184531458e-18
2022-06-01,19393,0.18188490733843513
2022-06-01,21178,0.03197201281783353
2022-06-01,21776,0.0
2022-06-01,23819,0.0
2022-06-01,24328,5.5746535762015796e-18
2022-06-01,24766,0.025411928792827377
2022-06-01,32986,3.1225706140044743e-19
2022-06-01,34833,0.0
2022-06-01,38156,0.014169174154920486
2022-06-01,38762,6.825069999826001e-19
2022-06-01,39490,0.0
2022-06-01,64186,0.0
2022-06-01,64390,0.09579810474072614
2022-06-01,75034,1.158183995734884e-18
2022-06-01,75825,5.625376902430873e-19
2022-06-01,76082,0.013159547764335823
2022-06-01,76744,0.02138556252670804
2022-06-01,81061,0.0
2022-06-01,81540,0.0
2022-06-01,84262,2.5486498160632286e-18
2022-06-01,85269,8.100210324714663e-19
2022-06-01,86136,0.0
2022-06-01,87137,0.0
2022-06-01,87356,0.050507325206264525
2022-06-01,89138,0.05968298625607359
2022-06-01,90071,0.0
2022-06-01,90386,1.1540300167170236e-18
2022-06-01,90829,3.789575205889022e-18
2022-07-01,10516,0.0
2022-07-01,11404,0.1535743988139382
2022-07-01,11850,0.0016564201352920085
2022-07-01,12476,0.0
2022-07-01,12623,0.005227820592910567
2022-07-01,12872,3.5469504666273827e-20
2022-07-01,13356,0.0
2022-07-01,13641,0.0
2022-07-01,13721,0.02886347367768874
2022-07-01,13928,3.441071348220595e-20
2022-07-01,14277,0.0
2022-07-01,14541,0.0
2022-07-01,16431,0.009667003637285159
2022-07-01,17144,0.18747550415758574
2022-07-01,17743,0.0
2022-07-01,17830,3.494010907423989e-19
2022-07-01,19393,0.13825075115883165
2022-07-01,21178,0.016799793399185966
2022-07-01,21776,3.800425076093232e-18
2022-07-01,22752,0.12202107459153688
2022-07-01,23819,0.0
2022-07-01,24328,1.3228537053744036e-18
2022-07-01,24766,0.020050297548233842
2022-07-01,25582,2.480747744271032e-18
2022-07-01,34833,0.0
2022-07-01,38156,0.018141124401698547
2022-07-01,39490,0.0
2022-07-01,50876,0.0
2022-07-01,59248,0.0
2022-07-01,64186,1.983962920706385e-18
2022-07-01,64390,0.04466856984401204
2022-07-01,64899,0.06983236907537656
2022-07-01,66093,0.03673101542558684
2022-07-01,75034,0.0
2022-07-01,75825,4.706326813181706e-19
2022-07-01,76082,0.01735054733951162
2022-07-01,76744,0.0
2022-07-01,81061,2.819666802291159e-18
2022-07-01,85269,2.2816950016662715e-19
2022-07-01,86136,0.0
2022-07-01,87137,0.0
2022-07-01,87356,0.044387962520371874
2022-07-01,90386,0.0
2022-07-01,90829,0.0
2022-07-01,91547,2.625802136488331e-18
2022-07-01,91937,0.08530187368095367
2022-08-01,11403,0.0
2022-08-01,11404,0.23716069993150093
2022-08-01,11850,1.6305384234645282e-19
2022-08-01,12476,1.0672615135404184e-19
2022-08-01,12623,0.011596077914071835
2022-08-01,12872,1.0579441511206211e-18
2022-08-01,14541,1.1921988732604277e-18
2022-08-01,16431,0.018943222844476533
2022-08-01,16736,1.3040072222979954e-18
2022-08-01,21371,0.0
2022-08-01,24328,0.0
2022-08-01,24643,0.0
2022-08-01,24766,0.040807236111040666
2022-08-01,32942,4.20128341838133e-18
2022-08-01,34817,1.9198001749518717e-18
2022-08-01,34833,7.919758056827708e-20
2022-08-01,36003,0.05138874189220662
2022-08-01,38156,0.04525354138381488
2022-08-01,44644,0.0
2022-08-01,48653,1.0045810754436002e-18
2022-08-01,50876,0.07157644093722239
2022-08-01,59248,0.017781394964834985
2022-08-01,64186,0.0
2022-08-01,64899,0.08583462494931939
2022-08-01,76082,0.022546181111092724
2022-08-01,77357,0.0
2022-08-01,81061,1.3361944742936588e-18
2022-08-01,81481,0.0
2022-08-01,84262,0.0
2022-08-01,85059,2.0510902817762883e-18
2022-08-01,85269,0.0
2022-08-01,85792,0.0
2022-08-01,86136,5.2439809764513734e-18
2022-08-01,87137,6.644973471209986e-19
2022-08-01,87356,0.036461458236698364
2022-08-01,88664,0.10892394397531445
2022-08-01,89269,0.0
2022-08-01,90386,6.225692162319107e-20
2022-08-01,90829,0.0
2022-08-01,91547,9.582907248761527e-18
2022-08-01,91611,0.020591212088000178
2022-08-01,91937,0.07798072159262597
2022-08-01,93096,0.15315450206778003
2022-09-01,11404,0.11525605423195301
2022-09-01,11850,0.02163362255764849
2022-09-01,11955,0.0
2022-09-01,12872,0.0
2022-09-01,13210,0.0
2022-09-01,13928,0.0
2022-09-01,16431,0.01914586113773892
2022-09-01,17144,0.1925827416585031
2022-09-01,18411,2.480747744271032e-18
2022-09-01,21371,0.0
2022-09-01,21792,2.6067438951751093e-19
2022-09-01,23536,0.03245095614856647
2022-09-01,24328,8.532798152403008e-19
2022-09-01,32942,0.0
2022-09-01,34833,5.136196033913264e-19
2022-09-01,38093,0.0
2022-09-01,44644,0.0
2022-09-01,46674,0.0
2022-09-01,50876,0.03890543810936022
2022-09-01,52695,0.0
2022-09-01,64186,0.0
2022-09-01,64390,0.04607648934795824
2022-09-01,64899,0.07768533485874025
2022-09-01,76082,0.013652043840083911
2022-09-01,76712,8.415907605681915e-18
2022-09-01,76744,0.021801772847831795
2022-09-01,80191,2.6658244432460967e-18
2022-09-01,81061,0.0
2022-09-01,82486,0.013941885592694112
2022-09-01,84262,5.624298769768554e-19
2022-09-01,85059,2.609390873135279e-18
2022-09-01,85269,0.0
2022-09-01,85459,0.12946956526572312
2022-09-01,85792,9.740878893424454e-20
2022-09-01,86136,1.2772198053410781e-18
2022-09-01,86228,0.05629690735868238
2022-09-01,87137,7.298247631779865e-19
2022-09-01,87356,0.025797446363168306
2022-09-01,90829,1.584269248720762e-18
2022-09-01,91611,0.02734460063830635
2022-09-01,91849,0.017838452795122115
2022-09-01,91937,0.05591254235452651
2022-09-01,93096,0.09420828489339278
2022-10-01,11850,0.020293129606940567
2022-10-01,12623,0.0
2022-10-01,12872,0.0
2022-10-01,13035,0.0
2022-10-01,13210,0.0
2022-10-01,13688,2.3060471988998327e-18
2022-10-01,13928,0.0
2022-10-01,16431,0.0
2022-10-01,17144,0.12403332252216343
2022-10-01,21371,4.720091098574589e-18
2022-10-01,22752,0.12526258070196208
2022-10-01,24328,0.0
2022-10-01,24766,0.04054163420352082
2022-10-01,25320,0.115301718487693
2022-10-01,32942,0.0
2022-10-01,34833,0.0
2022-10-01,35554,0.0
2022-10-01,40539,0.0
2022-10-01,46674,2.013164381562977e-17
2022-10-01,48653,3.0874350927419247e-19
2022-10-01,50876,0.0
2022-10-01,64186,0.0
2022-10-01,64899,0.0740284915238668
2022-10-01,75591,0.0
2022-10-01,76605,0.037393620678692174
2022-10-01,76744,0.0
2022-10-01,77274,0.11394046440356426
2022-10-01,79686,2.0794658855093073e-18
2022-10-01,80191,1.2023632686274793e-18
2022-10-01,81061,0.0
2022-10-01,82486,0.009531786049261245
2022-10-01,85059,1.9463758336719754e-18
2022-10-01,85269,0.0
2022-10-01,86228,0.061350959997755694
2022-10-01,86288,4.3668783595695454e-18
2022-10-01,87137,0.0
2022-10-01,87356,0.031815669301930215
2022-10-01,88031,0.0
2022-10-01,90562,0.028189439324957127
2022-10-01,91611,0.030343747625179107
2022-10-01,91937,0.02872870401592794
2022-10-01,93096,0.07961722778411047
2022-10-01,93429,0.079627503772475
2022-11-01,11533,2.743190088300224e-18
2022-11-01,11850,0.032920621939775
2022-11-01,12623,0.010647045668567607
2022-11-01,12872,0.0
2022-11-01,13035,8.6451573523458635e-19
2022-11-01,13210,1.0795036886883022e-19
2022-11-01,13356,0.0
2022-11-01,13641,0.0
2022-11-01,13928,0.0
2022-11-01,14277,2.9559366759529576e-19
2022-11-01,14579,3.5490348032115305e-20
2022-11-01,14939,2.139378363935023e-18
2022-11-01,16431,0.05505026165651421
2022-11-01,21371,4.940328581447388e-18
2022-11-01,24766,0.09875326491163308
2022-11-01,32942,7.149279218730326e-20
2022-11-01,34833,0.0
2022-11-01,36003,0.09773983208156882
2022-11-01,41080,0.0014304710010950659
2022-11-01,46674,6.125027364243585e-19
2022-11-01,48653,0.026193162598115046
2022-11-01,50876,0.09577693174051226
2022-11-01,64186,0.0
2022-11-01,76605,0.12501759917200939
2022-11-01,76712,8.33144261484206e-19
2022-11-01,77274,0.20218463947348295
2022-11-01,79103,0.0
2022-11-01,79686,1.4603855215535952e-18
2022-11-01,80191,0.0
2022-11-01,81061,5.652618260312031e-19
2022-11-01,82276,1.9773934294261523e-19
2022-11-01,82486,0.09914814352704616
2022-11-01,82694,5.739170138228447e-19
2022-11-01,85059,0.0
2022-11-01,85792,7.224413165086246e-19
2022-11-01,86288,0.0021206750135197303
2022-11-01,87137,6.446267034485176e-20
2022-11-01,87356,0.04698866817322835
2022-11-01,89031,9.755997548215783e-19
2022-11-01,89195,2.594745265684548e-19
2022-11-01,89393,0.0
2022-11-01,90071,0.006349119739849841
2022-11-01,91611,0.02201818751711231
2022-11-01,91937,0.07766137578597022
2022-11-01,92043,2.5560941620381194e-18
2022-12-01,11533,1.6264698920506057e-19
2022-12-01,12431,5.706686594548601e-19
2022-12-01,13035,0.0
2022-12-01,13688,0.004838274577492846
2022-12-01,14714,0.0
2022-12-01,14939,0.0
2022-12-01,16431,0.04704607937021858
2022-12-01,19350,0.0
2022-12-01,19561,1.3086247799728966e-18
2022-12-01,21371,0.0
2022-12-01,22779,0.016192922016160474
2022-12-01,28222,1.481402707327196e-18
2022-12-01,32942,0.0
2022-12-01,40539,0.011046436588560674
2022-12-01,42585,0.32061609145376546
2022-12-01,46674,0.0
2022-12-01,52695,2.932489117020618e-18
2022-12-01,75591,0.03706910537378866
2022-12-01,76605,0.11187280555648275
2022-12-01,76712,0.00014709423520920076
2022-12-01,77274,0.18603988064790547
2022-12-01,77702,0.0
2022-12-01,79103,3.413707255082605e-19
2022-12-01,79686,1.279165402782159e-18
2022-12-01,79698,0.0
2022-12-01,82276,0.0
2022-12-01,82486,0.09322102447133868
2022-12-01,82694,0.0
2022-12-01,84381,0.0
2022-12-01,85059,2.130141151898887e-19
2022-12-01,85792,0.0
2022-12-01,86288,0.02510439040542882
2022-12-01,87034,0.0439487548579818
2022-12-01,89031,0.0
2022-12-01,89195,1.419515715651403e-18
2022-12-01,89393,0.019282447195701078
2022-12-01,89533,0.0
2022-12-01,90505,0.01805122405486307
2022-12-01,90601,5.596470438980208e-19
2022-12-01,90664,0.0
2022-12-01,91556,0.0
2022-12-01,91611,0.03340960364075286
2022-12-01,92043,0.00905867535667012
2022-12-01,92050,0.023055190197679543
2022-12-01,92203,0.0
2023-01-01,11533,0.0
2023-01-01,12060,1.7817338045494208e-18
2023-01-01,12591,1.5696579303806253e-19
2023-01-01,12622,6.065814693524858e-19
2023-01-01,12872,0.0
2023-01-01,13035,1.1652049920226172e-17
2023-01-01,13688,0.006868471668899528
2023-01-01,13928,3.732397742516871e-18
2023-01-01,14277,0.0
2023-01-01,18542,0.0
2023-01-01,19350,0.0
2023-01-01,19561,0.0
2023-01-01,21371,0.0697926573857124
2023-01-01,32942,0.02442328123952341
2023-01-01,39490,0.0
2023-01-01,40539,0.014916507766315723
2023-01-01,45356,0.09472728376631732
2023-01-01,46674,0.04136701428140569
2023-01-01,75186,0.0
2023-01-01,76712,0.029787397072710914
2023-01-01,77274,0.34426254725445693
2023-01-01,77661,0.0
2023-01-01,79094,1.3928927422004935e-18
2023-01-01,79103,0.17500510521907217
2023-01-01,79145,0.0
2023-01-01,79637,0.0
2023-01-01,79686,0.0
2023-01-01,79698,0.0
2023-01-01,82276,2.032634227949005e-18
2023-01-01,82694,2.4934532384798466e-19
2023-01-01,84262,9.268658025330181e-19
2023-01-01,85059,0.0
2023-01-01,85663,0.0
2023-01-01,88352,2.6383488120195354e-18
2023-01-01,89031,0.0013736827568621736
2023-01-01,89393,0.019219899845656883
2023-01-01,89533,0.0
2023-01-01,90505,6.205363371585004e-18
2023-01-01,90562,0.05059202737533171
2023-01-01,90664,0.011553503058233602
2023-01-01,90880,0.0
2023-01-01,91556,0.0
2023-01-01,91611,0.034525287459599915
2023-01-01,92043,0.04303636648356001
2023-01-01,92050,0.03854896736634169
2023-02-01,11533,1.583765023097879e-18
2023-02-01,12060,3.2834781529323925e-20
2023-02-01,12872,0.0
2023-02-01,13688,0.0024969301166914005
2023-02-01,13928,4.279483783240025e-19
2023-02-01,14277,4.13912979977738e-19
2023-02-01,15486,0.0
2023-02-01,18542,0.0
2023-02-01,19561,0.0
2023-02-01,21371,0.05251041142925118
2023-02-01,23819,0.0
2023-02-01,28222,0.09632444601863847
2023-02-01,40539,0.021271363733554278
2023-02-01,45356,0.08645308461682391
2023-02-01,54148,2.1766317890707036e-18
2023-02-01,57904,0.08046975185561749
2023-02-01,72726,4.6475902798657935e-19
2023-02-01,76614,0.12138309501100217
2023-02-01,77274,0.30031113531181813
2023-02-01,77702,0.05842615723370631
2023-02-01,79094,4.049849596964124e-19
2023-02-01,79145,0.0
2023-02-01,79637,0.0
2023-02-01,79686,0.0
2023-02-01,81774,0.0
2023-02-01,82276,0.0
2023-02-01,82303,0.08704153851932243
2023-02-01,84262,0.0
2023-02-01,85269,2.5531236120127627e-19
2023-02-01,85663,0.0
2023-02-01,88661,9.221720231736602e-19
2023-02-01,89031,2.7550031199986074e-18
2023-02-01,89195,5.761166086755498e-19
2023-02-01,89393,0.02484549604806924
2023-02-01,89533,5.400040727475638e-19
2023-02-01,89731,1.4275072822752773e-18
2023-02-01,90505,4.663177748804686e-19
2023-02-01,90664,0.005250540733121407
2023-02-01,90880,5.9951567670747e-19
2023-02-01,91103,0.0
2023-02-01,91556,0.0
2023-02-01,91611,0.03264370298626869
2023-02-01,92043,0.030572346386114665
2023-02-01,92322,1.0926760579495154e-18
2023-03-01,11533,0.0
2023-03-01,11762,2.6505778501955193e-18
2023-03-01,11891,1.6559494118821572e-18
2023-03-01,12060,3.595654861094505e-19
2023-03-01,12591,0.0
2023-03-01,14277,1.2245978834929047e-18
2023-03-01,16431,0.07996809308526917
2023-03-01,16851,0.0
2023-03-01,18542,3.9048218868423246e-19
2023-03-01,30681,0.0683081731285999
2023-03-01,41355,8.775261333554552e-19
2023-03-01,47896,1.2387856853594142e-19
2023-03-01,54148,6.13463612048927e-19
2023-03-01,60506,0.1740324664955318
2023-03-01,72726,1.4594377681191595e-18
2023-03-01,73139,5.884761401049252e-19
2023-03-01,75650,0.0
2023-03-01,76614,0.12103624186842579
2023-03-01,76709,0.08543656421595965
2023-03-01,77274,0.2862686557395335
2023-03-01,77661,3.9173156228143255e-18
2023-03-01,79094,1.8317087484374245e-19
2023-03-01,79145,1.9987859972833352e-18
2023-03-01,79637,1.987351052495402e-18
2023-03-01,79686,1.300195574035351e-18
2023-03-01,81774,0.0
2023-03-01,82276,0.0
2023-03-01,82303,0.11600174621795421
2023-03-01,82694,0.0
2023-03-01,84262,0.0
2023-03-01,85059,6.28921963336318e-19
2023-03-01,85072,5.365953720855993e-19
2023-03-01,85663,0.0
2023-03-01,86580,1.3082423870342669e-18
2023-03-01,86783,1.3829930446294589e-18
2023-03-01,88661,0.0
2023-03-01,89031,4.2097537478538727e-19
2023-03-01,89393,0.02043298220471928
2023-03-01,89533,4.171637265227429e-19
2023-03-01,89731,2.7909735612029196e-19
2023-03-01,90505,1.6536200712772078e-18
2023-03-01,90664,1.24090326772755e-18
2023-03-01,90720,0.0
2023-03-01,90880,2.2164734647276904e-18
2023-03-01,91103,1.018133602599669e-18
2023-03-01,91556,2.260095661511287e-18
2023-03-01,91611,0.02617405303715868
2023-03-01,92043,0.022341024006848204
2023-04-01,10104,0.2330331092316187
2023-04-01,11533,0.0
2023-04-01,11891,2.8022798639831127e-19
2023-04-01,12060,3.670358388481864e-18
2023-04-01,12622,0.01837299795602025
2023-04-01,13103,0.0
2023-04-01,13407,3.1184266765852796e-18
2023-04-01,14702,0.0
2023-04-01,14714,7.050982304984772e-18
2023-04-01,16851,0.0
2023-04-01,19561,0.0
2023-04-01,30681,0.16960365422393073
2023-04-01,34817,0.0
2023-04-01,48486,0.0
2023-04-01,51369,1.7686546941803204e-18
2023-04-01,52708,1.5365259585972375e-18
2023-04-01,54148,0.0
2023-04-01,57665,0.034551346328090385
2023-04-01,60628,0.0
2023-04-01,60871,0.0
2023-04-01,61241,2.34370632049352e-18
2023-04-01,65402,0.1894336955045069
2023-04-01,73139,0.0716132434946489
2023-04-01,75154,8.098379447075528e-18
2023-04-01,75650,9.769388891352652e-18
2023-04-01,76709,0.12238248286479167
2023-04-01,77661,0.0
2023-04-01,79094,0.0
2023-04-01,79145,1.03293061236949e-18
2023-04-01,79637,0.0
2023-04-01,79686,7.452639367022343e-19
2023-04-01,81774,0.0
2023-04-01,82276,0.07075471954188191
2023-04-01,84262,0.0
2023-04-01,85059,0.0
2023-04-01,85663,0.0
2023-04-01,86580,1.012088826414921e-18
2023-04-01,86783,0.0
2023-04-01,88661,0.0
2023-04-01,88860,0.0
2023-04-01,89031,4.443918482500285e-19
2023-04-01,89393,0.038922458261600235
2023-04-01,89533,0.0
2023-04-01,89731,2.491778929047365e-19
2023-04-01,90505,1.6610273145832416e-18
2023-04-01,90664,0.008566623370406113
2023-04-01,90720,0.0
2023-04-01,91611,0.042765669222504216
2023-04-01,93002,0.0
2023-05-01,10107,1.7589204958879126e-18
2023-05-01,11403,1.317119476884711e-19
2023-05-01,11533,0.0
2023-05-01,12060,0.025263215385038226
2023-05-01,12622,1.9425610629408956e-18
2023-05-01,13407,0.0
2023-05-01,13586,0.0
2023-05-01,14714,0.0
2023-05-01,16431,0.07930613224967056
2023-05-01,19561,0.0
2023-05-01,23393,0.4291792225508102
2023-05-01,48486,0.0
2023-05-01,52708,0.0
2023-05-01,54148,0.0
2023-05-01,57665,5.328430603532695e-18
2023-05-01,60628,0.0
2023-05-01,61241,3.955986683210261e-19
2023-05-01,62498,0.06279582813712195
2023-05-01,65541,0.04515997245622205
2023-05-01,65947,9.566236241597002e-18
2023-05-01,73139,2.4682614275757863e-18
2023-05-01,75650,0.018480535465757342
2023-05-01,76709,7.382976591819633e-18
2023-05-01,77661,0.0
2023-05-01,77702,0.0
2023-05-01,79637,0.0
2023-05-01,79686,0.0
2023-05-01,79785,2.6021224440987266e-18
2023-05-01,80320,0.011030189915083756
2023-05-01,82276,0.0024874359638087837
2023-05-01,86580,9.820255058371625e-19
2023-05-01,86783,0.013897479237893914
2023-05-01,87356,0.05904636047424278
2023-05-01,88661,0.0
2023-05-01,88860,5.32275175664038e-19
2023-05-01,89031,0.0
2023-05-01,89244,2.913346057657258e-19
2023-05-01,89525,0.11043514101894795
2023-05-01,89533,1.167114154824715e-18
2023-05-01,89617,0.04420961914842268
2023-05-01,89731,0.0
2023-05-01,90455,1.697908122664376e-18
2023-05-01,90505,0.022980487906524235
2023-05-01,90720,1.6101924734249947e-18
2023-05-01,91068,0.07572838009045545
2023-05-01,91152,0.0
2023-05-01,92322,7.926075994733477e-19
2023-05-01,93002,0.0
2023-06-01,10104,0.2112585859765339
2023-06-01,10107,5.769290077116775e-18
2023-06-01,11403,0.0
2023-06-01,11533,7.31854278662454e-20
2023-06-01,12060,0.00997171252583535
2023-06-01,13407,9.455742610654937e-19
2023-06-01,13447,3.932882228293741e-18
2023-06-01,13511,0.02034086697341543
2023-06-01,13586,0.008546244583539505
2023-06-01,13628,2.505272799132039e-18
2023-06-01,14542,9.739210555895783e-05
2023-06-01,14702,1.0676957154823186e-18
2023-06-01,16309,0.0
2023-06-01,16431,0.16449109187825078
2023-06-01,16655,0.0
2023-06-01,48486,7.027155544103421e-19
2023-06-01,52708,0.0
2023-06-01,54148,1.5283705288891722e-18
2023-06-01,61241,1.8410907111658006e-18
2023-06-01,62498,0.15864633814367138
2023-06-01,77357,1.726625532521329e-18
2023-06-01,77661,4.240585773722091e-19
2023-06-01,79094,9.462554754499282e-19
2023-06-01,79145,1.1865262258368133e-18
2023-06-01,80320,0.013715269975295947
2023-06-01,82307,0.13577351292059406
2023-06-01,84761,0.11555766258475161
2023-06-01,84788,0.0
2023-06-01,86580,1.1748498955405043e-18
2023-06-01,87356,0.07845159814853161
2023-06-01,88860,0.0
2023-06-01,89244,1.5441967971215597e-18
2023-06-01,89393,1.7380812431435071e-19
2023-06-01,89731,0.0
2023-06-01,90215,0.0
2023-06-01,90319,0.0
2023-06-01,90455,2.9669506988250117e-19
2023-06-01,90720,0.0
2023-06-01,91068,0.08314972418402157
2023-06-01,91152,2.263623008458527e-18
2023-06-01,93002,8.700744612153314e-19
2023-06-01,93132,4.2555827455873367e-19
2023-07-01,10104,0.2614806706052431
2023-07-01,11403,3.3015714777237955e-18
2023-07-01,12060,0.050120200343424993
2023-07-01,13407,0.0
2023-07-01,13447,3.316489564323604e-18
2023-07-01,13511,0.027709015601340932
2023-07-01,13586,0.058069536935405876
2023-07-01,13760,1.6473722050889645e-18
2023-07-01,14593,1.675392710920867e-17
2023-07-01,14617,0.0
2023-07-01,14702,0.0
2023-07-01,16309,9.866646897688496e-19
2023-07-01,16655,4.9514106341730064e-18
2023-07-01,48486,0.0
2023-07-01,54148,2.626341934773415e-18
2023-07-01,60628,0.021087758398000638
2023-07-01,61241,0.0
2023-07-01,62498,0.21034656389653952
2023-07-01,75154,3.117951165563845e-18
2023-07-01,75510,0.0
2023-07-01,79094,2.3949526636315712e-20
2023-07-01,79145,1.276147840699195e-18
2023-07-01,80320,0.08796081641556415
2023-07-01,84788,0.025455166850968946
2023-07-01,85059,0.0
2023-07-01,86580,5.029260071145426e-19
2023-07-01,87356,0.12822744631668898
2023-07-01,88182,6.345020856164356e-19
2023-07-01,88860,0.0
2023-07-01,89244,4.135344947210285e-20
2023-07-01,89393,8.869480211771345e-19
2023-07-01,89731,6.429694947166057e-19
2023-07-01,90215,0.0
2023-07-01,90455,0.0
2023-07-01,90720,0.0
2023-07-01,91068,0.11900784269731364
2023-07-01,91103,0.0
2023-07-01,91926,0.01053498193950941
2023-07-01,93002,4.271402593244844e-18
2023-07-01,93132,0.0
2023-07-01,93246,2.008369399307461e-18
2023-07-01,93436,4.1229257815276866e-18
2023-08-01,10104,0.08523822063268055
2023-08-01,10107,0.0
2023-08-01,12060,2.3998694977191263e-18
2023-08-01,13407,0.0
2023-08-01,13511,0.0567880055389833
2023-08-01,13760,0.0
2023-08-01,14542,0.010983375795315662
2023-08-01,14593,3.0345747498670276e-18
2023-08-01,14702,0.0
2023-08-01,16309,0.0
2023-08-01,16655,0.0
2023-08-01,32942,0.0
2023-08-01,48486,1.3826076398081397e-18
2023-08-01,50876,0.22585504042643512
2023-08-01,54148,0.0
2023-08-01,59248,0.2060243590177413
2023-08-01,60628,0.0
2023-08-01,61241,0.0
2023-08-01,62498,0.11209068618052102
2023-08-01,75154,1.6248780358346636e-18
2023-08-01,75510,0.0
2023-08-01,79094,1.8858385312496479e-19
2023-08-01,79145,0.0
2023-08-01,80320,0.002553188758710318
2023-08-01,82694,0.024447374097400325
2023-08-01,84761,0.12240360455010998
2023-08-01,85059,2.6850315673215183e-18
2023-08-01,85792,0.014063753276682397
2023-08-01,86580,0.0
2023-08-01,87034,0.13955239172542006
2023-08-01,88182,0.0
2023-08-01,88860,0.0
2023-08-01,89244,0.0
2023-08-01,89731,0.0
2023-08-01,90215,0.0
2023-08-01,90319,0.0
2023-08-01,90720,6.148612820740896e-19
2023-08-01,93002,0.0
2023-08-01,93132,5.781294800705762e-20
2023-08-01,93436,1.7478949471197672e-18
2023-09-01,10104,0.03980757151847169
2023-09-01,10107,1.9244588561617704e-18
2023-09-01,11533,0.0
2023-09-01,11762,4.414735721089413e-18
2023-09-01,12060,0.005322067237453052
2023-09-01,13407,0.0
2023-09-01,13447,8.131516293641283e-20
2023-09-01,13628,0.0
2023-09-01,14542,2.2497195079074217e-18
2023-09-01,14702,1.0299920638612292e-18
2023-09-01,14714,0.0
2023-09-01,16309,1.0460327502998575e-18
2023-09-01,16655,0.0
2023-09-01,16736,0.062317082872680334
2023-09-01,46886,2.710505431213761e-20
2023-09-01,48486,8.131516293641283e-20
2023-09-01,50876,0.18159134441613553
2023-09-01,52978,0.027973329301142366
2023-09-01,54148,0.0
2023-09-01,59328,0.0
2023-09-01,61241,2.1955093992831465e-18
2023-09-01,63467,0.10861492505650454
2023-09-01,75154,2.846030702774449e-18
2023-09-01,75510,0.0
2023-09-01,78975,0.0
2023-09-01,79094,0.0
2023-09-01,79145,1.599198204416119e-18
2023-09-01,82694,0.039358870596942264
2023-09-01,84788,1.6263032587282567e-19
2023-09-01,86580,1.5449880957918438e-18
2023-09-01,87034,0.07764292269337815
2023-09-01,87299,0.1364822991944513
2023-09-01,88352,6.776263578034403e-19
2023-09-01,89244,1.3823577699190182e-18
2023-09-01,89393,0.0
2023-09-01,90215,0.0
2023-09-01,90248,0.1826469021676737
2023-09-01,90319,0.0
2023-09-01,90720,3.9302328752599536e-19
2023-09-01,91849,0.10764876993858194
2023-09-01,93002,3.5236570605778894e-19
2023-09-01,93089,0.030593915006585152
2023-10-01,11533,2.8125729013579043e-18
2023-10-01,11762,2.061678193616967e-18
2023-10-01,12308,0.10213107171161623
2023-10-01,12591,7.394597629530042e-19
2023-10-01,13407,1.0401564592282808e-18
2023-10-01,13760,0.0
2023-10-01,13928,1.2730905197232134e-18
2023-10-01,14542,0.0
2023-10-01,14617,8.540209690691483e-19
2023-10-01,16309,0.0
2023-10-01,16655,0.0
2023-10-01,16736,0.04670563226346052
2023-10-01,23819,0.0
2023-10-01,24328,0.00897337647003535
2023-10-01,32942,0.0
2023-10-01,50876,0.14304073395105155
2023-10-01,52978,0.017253663281699083
2023-10-01,54148,0.0
2023-10-01,59248,0.1343728400169216
2023-10-01,75034,0.0
2023-10-01,75154,0.0
2023-10-01,75510,0.0
2023-10-01,79094,1.7802514968917257e-18
2023-10-01,79145,0.0
2023-10-01,81061,0.07185398647680022
2023-10-01,82486,0.11138040881828257
2023-10-01,82694,0.0
2023-10-01,83011,2.516111369818899e-18
2023-10-01,84788,0.019412407525100466
2023-10-01,86580,0.0
2023-10-01,87034,0.061812621255377155
2023-10-01,87299,0.12430198685638705
2023-10-01,89244,0.0
2023-10-01,89781,1.2197274440461925e-19
2023-10-01,90319,8.155233216164404e-18
2023-10-01,90373,0.03823163467364575
2023-10-01,90720,0.0
2023-10-01,91849,0.06539306003243953
2023-10-01,92108,5.014435047745458e-19
2023-10-01,93002,6.945670167485263e-20
2023-10-01,93089,0.05513657666718278
2023-11-01,11762,2.0693875243005835e-18
2023-11-01,12591,0.0
2023-11-01,12872,0.0
2023-11-01,13407,0.0
2023-11-01,13447,0.0
2023-11-01,13511,0.03540805174674599
2023-11-01,13949,2.132163383254944e-18
2023-11-01,13964,0.031848867902826906
2023-11-01,14714,0.0
2023-11-01,16655,4.569861544861845e-18
2023-11-01,16736,0.05333775601694644
2023-11-01,23819,0.0
2023-11-01,24328,0.015739731834210065
2023-11-01,46886,3.23737244292433e-19
2023-11-01,50876,0.15842375872182787
2023-11-01,64186,0.0
2023-11-01,75034,0.0
2023-11-01,75154,9.581540016785047e-19
2023-11-01,75510,0.0
2023-11-01,77357,2.3985452891460606e-19
2023-11-01,79094,1.0416479180927128e-18
2023-11-01,79145,0.0
2023-11-01,79686,0.0
2023-11-01,81061,0.12014313213141907
2023-11-01,82486,0.10039865613213035
2023-11-01,82694,0.0
2023-11-01,83011,0.0
2023-11-01,84788,0.007474161554086421
2023-11-01,85059,0.0
2023-11-01,86580,1.1019711289468433e-18
2023-11-01,87034,0.09828079442434912
2023-11-01,87299,0.17870707660539553
2023-11-01,89393,0.021931750939385476
2023-11-01,90038,0.11054531031453099
2023-11-01,90071,0.009401443695357876
2023-11-01,90373,0.05835950798078791
2023-11-01,93002,0.0
2023-11-01,93436,1.1121579484077444e-19
2023-12-01,11533,7.115076756936123e-19
2023-12-01,11990,0.0
2023-12-01,12431,2.9747797107571028e-18
2023-12-01,12476,0.0
2023-12-01,12591,0.0
2023-12-01,12872,3.6253010142484055e-19
2023-12-01,13356,2.405573570202213e-18
2023-12-01,13511,0.02518573499850627
2023-12-01,14714,2.744386749103933e-18
2023-12-01,15315,0.0
2023-12-01,16655,0.0
2023-12-01,16736,0.0032287958048006944
2023-12-01,18224,0.0
2023-12-01,41355,2.0430434687773724e-18
2023-12-01,50876,0.1401008331116287
2023-12-01,54148,0.0
2023-12-01,59328,7.190780326596976e-19
2023-12-01,60506,0.14646579602992055
2023-12-01,64995,3.8624702394796095e-19
2023-12-01,75154,0.0
2023-12-01,75510,3.74049749507499e-18
2023-12-01,78975,1.094366567852556e-18
2023-12-01,79145,3.1848438816761693e-19
2023-12-01,79686,2.2090619264392153e-18
2023-12-01,82486,0.0646948404781361
2023-12-01,82598,6.417121608398579e-18
2023-12-01,83011,1.097331183167946e-18
2023-12-01,85663,0.0
2023-12-01,87034,0.0210516676920495
2023-12-01,87541,0.030423182466260267
2023-12-01,89641,8.355132991716419e-18
2023-12-01,89781,0.0
2023-12-01,90038,0.04018454375792899
2023-12-01,90071,1.060485249962384e-17
2023-12-01,90248,0.15334889318800138
2023-12-01,90373,0.0637730850571915
2023-12-01,90808,0.0
2023-12-01,91547,0.06180166813092152
2023-12-01,91849,0.08432342715821985
2023-12-01,92108,2.303929616531697e-19
2023-12-01,92203,2.9747797107571028e-18
2023-12-01,93429,0.16541753212643476
2024-01-01,11533,0.0
2024-01-01,11990,0.0
2024-01-01,12431,0.029984797778742266
2024-01-01,12872,0.0
2024-01-01,13210,0.0
2024-01-01,13356,3.1249163006579275e-18
2024-01-01,13964,0.021734382944418283
2024-01-01,14008,0.24726229757001694
2024-01-01,14714,0.0
2024-01-01,14889,6.41151001512302e-19
2024-01-01,15315,0.01845295608251922
2024-01-01,16655,0.0
2024-01-01,16736,0.03417453016442393
2024-01-01,18224,2.891029328097334e-19
2024-01-01,18267,2.257289864873507e-18
2024-01-01,34746,0.0
2024-01-01,53613,1.369705215269407e-18
2024-01-01,54148,0.0
2024-01-01,59328,0.0
2024-01-01,61241,0.0
2024-01-01,64995,0.0
2024-01-01,66157,0.0
2024-01-01,66384,2.2065208275974524e-19
2024-01-01,78975,6.790027863427285e-19
2024-01-01,79323,0.04391603516008963
2024-01-01,79698,0.0
2024-01-01,82486,0.08214994781355581
2024-01-01,83011,0.0
2024-01-01,85663,6.90225972893848e-19
2024-01-01,86783,0.00020437156913406294
2024-01-01,87034,0.07158737300719739
2024-01-01,87299,0.18745933234945858
2024-01-01,88873,3.713710078118073e-19
2024-01-01,89031,3.7174158472623106e-19
2024-01-01,89244,0.0
2024-01-01,89641,0.0
2024-01-01,90038,0.06237216846525067
2024-01-01,90071,0.003967560677236712
2024-01-01,90808,1.4779666138403473e-18
2024-01-01,92108,0.0
2024-01-01,92203,0.0
2024-01-01,93002,2.8698535044159763e-19
2024-01-01,93429,0.19673424641795664
2024-02-01,11533,6.534859188066927e-19
2024-02-01,11990,0.0
2024-02-01,12431,2.1834391797847727e-18
2024-02-01,12490,0.02611062487235993
2024-02-01,12872,0.0
2024-02-01,13356,1.5881867761018131e-19
2024-02-01,13447,0.0
2024-02-01,13511,0.02880300925696899
2024-02-01,13963,0.0
2024-02-01,13964,0.0
2024-02-01,14008,0.07405315107961734
2024-02-01,14714,0.0
2024-02-01,15315,0.005569096879815232
2024-02-01,16736,0.0015149339311573138
2024-02-01,17743,2.911463997949844e-18
2024-02-01,18224,0.0
2024-02-01,18267,0.0
2024-02-01,50876,0.0218919849864648
2024-02-01,61241,0.0
2024-02-01,64390,0.06279138937975864
2024-02-01,65875,0.34477440255258784
2024-02-01,66093,1.829252352890387e-17
2024-02-01,66384,0.0
2024-02-01,76614,0.04547492548237858
2024-02-01,79323,2.85009646092127e-17
2024-02-01,79686,0.0
2024-02-01,79698,5.325719655861413e-19
2024-02-01,81540,0.0215578820218575
2024-02-01,82486,0.02054913007647175
2024-02-01,83011,3.97681968735894e-19
2024-02-01,85059,2.0434669852509996e-19
2024-02-01,85663,7.441184441629028e-19
2024-02-01,86580,0.0
2024-02-01,87055,0.13837921851316884
2024-02-01,87299,0.07649578169227043
2024-02-01,89031,2.2742834633777964e-19
2024-02-01,89393,0.005596805896032657
2024-02-01,89641,4.897968017497992e-19
2024-02-01,90038,0.013415358524312406
2024-02-01,90071,0.0
2024-02-01,90215,3.0726120161649745e-19
2024-02-01,91152,1.4124274395465458e-19
2024-02-01,93002,1.6093625997831706e-19
2024-02-01,93429,0.11302230485477766
2024-03-01,11533,2.8986719568202663e-19
2024-03-01,11990,3.654745675051639e-18
2024-03-01,12060,6.0398767524279605e-18
2024-03-01,12431,0.0
2024-03-01,13407,9.466978279886953e-18
2024-03-01,14338,0.06126169814929639
2024-03-01,14714,0.0
2024-03-01,15315,0.0
2024-03-01,15826,2.2414693252977987e-18
2024-03-01,16655,0.0
2024-03-01,16736,0.03934274422682297
2024-03-01,17743,0.0
2024-03-01,18224,2.226731988859628e-19
2024-03-01,18267,2.3065633803395465e-18
2024-03-01,59176,0.0
2024-03-01,59459,0.07229107993399814
2024-03-01,60506,0.14712000157582872
2024-03-01,61241,4.448211206642437e-19
2024-03-01,64390,0.17495356331562126
2024-03-01,70519,0.0
2024-03-01,77178,4.3783191949375476e-18
2024-03-01,79323,0.0
2024-03-01,79686,5.811629925689872e-19
2024-03-01,82486,0.07566181860316426
2024-03-01,82694,0.0
2024-03-01,83011,1.2680235475993977e-19
2024-03-01,85059,0.0
2024-03-01,85072,0.0
2024-03-01,85663,3.127290659937569e-18
2024-03-01,86580,2.506266129186753e-18
2024-03-01,87055,0.34252339826776923
2024-03-01,88661,2.3390971990095876e-18
2024-03-01,89031,3.108692397815837e-18
2024-03-01,89393,0.021976019066453602
2024-03-01,89731,0.0
2024-03-01,90071,0.01776509792962184
2024-03-01,90215,4.596855835856394e-18
2024-03-01,90455,4.635634478207964e-18
2024-03-01,91068,0.04710457893142364
2024-03-01,93002,2.4837922786504414e-18
2024-04-01,11990,3.0041211015656965e-18
2024-04-01,12060,0.0
2024-04-01,13407,0.0
2024-04-01,14714,0.00789807042678531
2024-04-01,15315,0.03433625811979785
2024-04-01,15826,5.257154766008273e-18
2024-04-01,16655,0.0
2024-04-01,16736,0.07565928785083845
2024-04-01,18267,1.755272148810179e-18
2024-04-01,26403,0.02698235812329404
2024-04-01,46886,1.1865546618521074e-18
2024-04-01,48486,1.6597129184647223e-18
2024-04-01,49154,0.13453842287402354
2024-04-01,52708,2.0121954827318535e-18
2024-04-01,53613,8.28442579113191e-19
2024-04-01,54148,5.442644271757784e-18
2024-04-01,59176,0.0
2024-04-01,60506,0.27939464221597854
2024-04-01,61241,6.230386001433013e-19
2024-04-01,64995,1.771014119513891e-20
2024-04-01,70519,6.197774385108009e-19
2024-04-01,77178,3.852986341908411e-19
2024-04-01,77661,9.324877873297559e-19
2024-04-01,79323,0.22293929225007433
2024-04-01,79686,6.482305521228658e-19
2024-04-01,81055,4.801290308135579e-19
2024-04-01,82694,0.020801880354444423
2024-04-01,83011,2.153328495169858e-18
2024-04-01,85059,4.026151874591677e-18
2024-04-01,85072,0.0
2024-04-01,85663,1.87678361682652e-18
2024-04-01,86580,2.330684928344446e-18
2024-04-01,88661,5.2105486435602975e-19
2024-04-01,89031,0.0
2024-04-01,89393,0.07343474288498664
2024-04-01,89731,1.3083690242958674e-18
2024-04-01,90071,0.020583443853464466
2024-04-01,90720,6.06329239803057e-18
2024-04-01,91068,0.1034316010463123
2024-04-01,91152,8.4517690150538e-19
2024-04-01,93002,0.0
2024-05-01,11762,9.50491878021365e-18
2024-05-01,11990,2.90120765660128e-18
2024-05-01,12060,0.002889599863518779
2024-05-01,12369,1.9195547654065882e-18
2024-05-01,12431,0.1449140639303096
2024-05-01,14776,0.0
2024-05-01,15315,0.02254744661838101
2024-05-01,15826,0.0
2024-05-01,16655,0.0
2024-05-01,16692,2.8778577798108792e-18
2024-05-01,16736,0.07152634473325646
2024-05-01,18267,0.006583139488775843
2024-05-01,34746,0.0
2024-05-01,48486,7.365904178783129e-19
2024-05-01,53613,1.341153328903758e-18
2024-05-01,59176,0.0
2024-05-01,61241,2.129213018512108e-18
2024-05-01,66384,0.0
2024-05-01,70519,2.3391473651835427e-18
2024-05-01,77178,0.0
2024-05-01,79145,1.1770875937861604e-19
2024-05-01,81677,0.013907506396929423
2024-05-01,81736,0.10464113233583512
2024-05-01,82307,0.15440774656917303
2024-05-01,82694,0.07227537964815145
2024-05-01,83011,1.1938283042164119e-18
2024-05-01,85059,0.0
2024-05-01,85663,1.567880738923618e-18
2024-05-01,85792,0.03042696663447894
2024-05-01,86580,1.841759273409047e-18
2024-05-01,88860,0.0
2024-05-01,89031,0.0
2024-05-01,90071,0.034153853145853834
2024-05-01,90248,0.2579214047137308
2024-05-01,90455,0.0
2024-05-01,90720,0.0
2024-05-01,91068,0.08380541592160573
2024-05-01,91152,7.756750949555653e-19
2024-05-01,91926,1.6102401134371911e-18
2024-05-01,93002,0.0
2024-05-01,93246,4.84684814128468e-18
2024-06-01,11762,5.765514140781194e-19
2024-06-01,12060,0.0
2024-06-01,12369,0.0
2024-06-01,12431,0.01365389710216813
2024-06-01,13407,0.0
2024-06-01,14702,2.5733297215289543e-18
2024-06-01,15315,1.155140282941676e-18
2024-06-01,16655,1.1913432174403264e-17
2024-06-01,16736,0.027762811983256825
2024-06-01,18267,0.0
2024-06-01,18312,0.026860370927316954
2024-06-01,24205,0.09544932086940576
2024-06-01,24643,0.0
2024-06-01,45356,0.044919731612383426
2024-06-01,46886,1.0227593450018343e-18
2024-06-01,50876,0.14782420598320878
2024-06-01,51369,0.0
2024-06-01,53613,1.0062211254886816e-19
2024-06-01,59176,7.188774063331224e-19
2024-06-01,66384,1.1722750347384566e-18
2024-06-01,77178,0.0
2024-06-01,79637,0.0
2024-06-01,79686,9.93624636822457e-19
2024-06-01,80286,0.07439507876384449
2024-06-01,81677,0.014537952392071231
2024-06-01,81774,2.6559970192232217e-19
2024-06-01,82307,0.09246091267367043
2024-06-01,82694,7.18161534378226e-18
2024-06-01,83011,0.0
2024-06-01,84769,0.0
2024-06-01,85059,0.0
2024-06-01,85072,0.0
2024-06-01,85663,1.4860520302951473e-18
2024-06-01,85792,0.0
2024-06-01,86580,0.0
2024-06-01,87055,0.270447454712382
2024-06-01,87356,0.08463299696857532
2024-06-01,88661,1.6002326250801609e-18
2024-06-01,90071,0.0
2024-06-01,91068,0.04624559973114619
2024-06-01,91152,3.3185219806039993e-19
2024-06-01,91611,0.0
2024-06-01,91926,0.0
2024-06-01,92043,0.060809666280570364
2024-06-01,93002,5.200551684405538e-19
2024-07-01,10104,0.04693565011051412
2024-07-01,11762,0.0
2024-07-01,12060,0.0
2024-07-01,12431,0.02569662394558082
2024-07-01,12476,1.3477199291713105e-18
2024-07-01,13407,1.5459183334756127e-19
2024-07-01,13641,0.0
2024-07-01,14702,9.11023161651034e-19
2024-07-01,14714,6.415919437249843e-19
2024-07-01,15315,0.0
2024-07-01,16309,3.6606795368607924e-19
2024-07-01,16655,0.0
2024-07-01,16736,0.023393275907695757
2024-07-01,18267,7.087142421935861e-19
2024-07-01,18726,1.3320973177779154e-18
2024-07-01,24643,7.81052455602216e-19
2024-07-01,46886,1.9299579141351215e-19
2024-07-01,48486,0.0
2024-07-01,50876,0.15416858086484067
2024-07-01,51369,1.8984080664756666e-19
2024-07-01,53613,3.6710951492665786e-19
2024-07-01,64390,0.20822330720917073
2024-07-01,66384,1.33634633572277e-18
2024-07-01,77178,4.188592149102008e-21
2024-07-01,77605,0.06060343482594404
2024-07-01,79686,1.6895132789259937e-18
2024-07-01,82276,3.71347702630141e-18
2024-07-01,82307,0.0926713435409916
2024-07-01,82598,0.0050091463028005675
2024-07-01,82694,1.86119990530713e-18
2024-07-01,83011,1.2311968218465682e-19
2024-07-01,84769,1.6818974605883558e-18
2024-07-01,85059,8.230586537644818e-19
2024-07-01,86580,0.0
2024-07-01,87356,0.08208740179543342
2024-07-01,88352,0.0
2024-07-01,89393,0.028831976132205235
2024-07-01,90071,0.0
2024-07-01,90455,9.2933540744632e-19
2024-07-01,91068,0.08529994175842738
2024-07-01,91547,0.11818074665774687
2024-07-01,91611,0.030924183961955842
2024-07-01,92043,0.037974386986693004
2024-07-01,93002,2.4602598041890973e-19
2024-08-01,11533,0.0
2024-08-01,11990,0.0
2024-08-01,12060,9.251900816337244e-19
2024-08-01,12431,0.0
2024-08-01,12476,1.246433890999268e-18
2024-08-01,13641,4.36474359000473e-19
2024-08-01,14714,0.0
2024-08-01,14889,2.3884790896446e-20
2024-08-01,15315,0.026224761015805908
2024-08-01,16655,2.5575229541095707e-18
2024-08-01,16736,0.0006272541203461632
2024-08-01,16851,0.0
2024-08-01,18267,3.0688152500833393e-18
2024-08-01,21207,0.15504009802288551
2024-08-01,21573,0.0
2024-08-01,22592,0.1257690917952233
2024-08-01,23712,0.25223956701071354
2024-08-01,24643,0.0
2024-08-01,45356,1.2187007004120359e-17
2024-08-01,46886,1.6605288394642944e-18
2024-08-01,51369,0.0
2024-08-01,52978,0.0
2024-08-01,75034,2.065672717740733e-18
2024-08-01,76185,0.10699123780572069
2024-08-01,76795,2.1585865515341308e-18
2024-08-01,79637,2.932563919669461e-19
2024-08-01,82598,0.0105093648798142
2024-08-01,82694,0.01728165386421758
2024-08-01,83011,0.0
2024-08-01,83143,0.03631906590039963
2024-08-01,85059,0.0
2024-08-01,85792,0.0
2024-08-01,86356,0.07268965306015754
2024-08-01,86580,0.0
2024-08-01,86868,0.0
2024-08-01,87034,0.026295453333613012
2024-08-01,88837,0.06614742938021091
2024-08-01,90071,0.0
2024-08-01,90455,1.5786544308672815e-18
2024-08-01,91611,0.0
2024-08-01,92043,0.10386536981089207
2024-08-01,93002,0.0
2024-08-01,93246,0.0
2024-09-01,11533,5.988026272637499e-19
2024-09-01,12060,1.8286116823526214e-18
2024-09-01,12476,0.0
2024-09-01,13901,0.13071764948058215
2024-09-01,14889,6.343979226907208e-20
2024-09-01,15315,0.010378504675289621
2024-09-01,16655,9.93918487218555e-19
2024-09-01,16736,0.004987490777108514
2024-09-01,17830,0.0
2024-09-01,18420,0.019926112750833985
2024-09-01,18421,0.0
2024-09-01,21178,0.09119837040729054
2024-09-01,21207,0.08850330045067845
2024-09-01,21573,1.0198961867213653e-18
2024-09-01,22293,0.0
2024-09-01,22592,0.02686389065869803
2024-09-01,22779,6.957345771301999e-18
2024-09-01,23712,0.03418092137811109
2024-09-01,24205,3.7192288308889495e-18
2024-09-01,24643,0.0
2024-09-01,40272,0.0
2024-09-01,51369,0.0
2024-09-01,52978,1.7677717525122414e-18
2024-09-01,55976,0.26917357882039844
2024-09-01,57904,3.299557373461736e-20
2024-09-01,64390,0.09663264294152878
2024-09-01,65947,0.0
2024-09-01,67598,0.0
2024-09-01,75819,0.0
2024-09-01,76185,0.062296305843302605
2024-09-01,79145,3.246891887865202e-19
2024-09-01,79452,7.544608893114565e-19
2024-09-01,79637,2.7642461613434434e-19
2024-09-01,80183,1.3787714332087283e-18
2024-09-01,80681,0.0
2024-09-01,81736,9.3668237237051e-19
2024-09-01,82598,0.0
2024-09-01,83143,0.0
2024-09-01,85459,0.07737344968645916
2024-09-01,86580,0.0
2024-09-01,86868,0.0
2024-09-01,87356,0.04892147885552726
2024-09-01,88837,0.0
2024-09-01,90071,0.0
2024-09-01,91611,0.011716277612214115
2024-09-01,92602,0.027130025661977315
2024-09-01,93246,0.0
2024-10-01,10104,0.0
2024-10-01,11533,2.3046328615551316e-19
2024-10-01,11990,2.2576106050465205e-19
2024-10-01,12060,1.9353373883109216e-18
2024-10-01,12431,1.1988871147265313e-18
2024-10-01,12476,9.12864870984057e-20
2024-10-01,14593,7.591824647564587e-18
2024-10-01,14714,3.8240777903143106e-19
2024-10-01,15315,0.007637441443912877
2024-10-01,16655,1.409669549106974e-18
2024-10-01,16736,0.0014208076638575838
2024-10-01,18411,0.0
2024-10-01,18420,0.012717291816857738
2024-10-01,18421,2.442923637007146e-18
2024-10-01,21178,0.10667944592090818
2024-10-01,21207,0.08611540935569645
2024-10-01,22293,2.9589119495240147e-18
2024-10-01,22592,0.027918710716179167
2024-10-01,23712,0.026730905015956482
2024-10-01,24205,0.0
2024-10-01,24643,6.195919907956798e-19
2024-10-01,52978,0.0
2024-10-01,55976,0.2671357112493834
2024-10-01,57904,6.120935906105458e-20
2024-10-01,64653,0.05419481732853012
2024-10-01,65947,2.4087836260993627e-18
2024-10-01,66093,0.08400861960598174
2024-10-01,75819,0.0
2024-10-01,76185,0.05256576043831287
2024-10-01,79145,2.3050311968649427e-18
2024-10-01,79452,0.0
2024-10-01,82486,0.04912347834428377
2024-10-01,83143,0.0
2024-10-01,85459,0.07799610429732387
2024-10-01,85914,5.211883770664497e-19
2024-10-01,86580,0.0
2024-10-01,87356,0.05024595487373163
2024-10-01,90071,0.0
2024-10-01,90199,0.0
2024-10-01,90455,4.281694229059873e-19
2024-10-01,91611,0.007806267602675089
2024-10-01,92050,0.007813251844432633
2024-10-01,92602,0.07989002248197652
2024-10-01,93002,2.476369495825088e-19
2024-10-01,93436,0.0
2024-11-01,10104,0.0
2024-11-01,11533,9.649417509927755e-19
2024-11-01,11990,5.520086434360184e-20
2024-11-01,12476,8.560065395933693e-20
2024-11-01,12558,0.010678314500536511
2024-11-01,14714,0.0
2024-11-01,15315,0.008880566578030087
2024-11-01,16309,1.8699182612988238e-19
2024-11-01,16655,1.2797747701749492e-18
2024-11-01,16736,0.017440977041769626
2024-11-01,18420,0.023509352719471067
2024-11-01,18421,2.081679242550526e-18
2024-11-01,21573,5.136729372961675e-19
2024-11-01,22293,0.0
2024-11-01,22592,0.026590572969010223
2024-11-01,24010,3.305855308914106e-18
2024-11-01,24643,0.0
2024-11-01,35554,1.1510559974572936e-18
2024-11-01,38156,5.416325121709861e-18
2024-11-01,49656,1.1147981309148775e-18
2024-11-01,55976,0.2784330447789525
2024-11-01,62308,0.0
2024-11-01,65947,1.992545790424961e-19
2024-11-01,66093,0.08735678919122329
2024-11-01,75154,5.998653912801161e-19
2024-11-01,75607,0.09928134932619105
2024-11-01,75819,0.0
2024-11-01,77274,0.12972396762141844
2024-11-01,79145,2.9688007613241214e-19
2024-11-01,79906,0.07105999001200881
2024-11-01,83143,8.5412604461568e-18
2024-11-01,85459,0.08932031933753183
2024-11-01,86580,0.0
2024-11-01,86783,0.0
2024-11-01,86964,0.03035901429698726
2024-11-01,88352,4.79931299422825e-19
2024-11-01,88837,0.0
2024-11-01,89031,1.7571539277863503e-20
2024-11-01,89393,0.00820296700787432
2024-11-01,90199,2.541582848915479e-19
2024-11-01,91103,0.0
2024-11-01,91937,0.04521565447733217
2024-11-01,92108,0.0
2024-11-01,92602,0.07394712014166296
2024-11-01,93436,0.0
2024-12-01,10104,0.008084365928142873
2024-12-01,10696,0.0
2024-12-01,11533,2.313691814686206e-18
2024-12-01,11990,0.0
2024-12-01,12449,0.0
2024-12-01,12476,8.575079911480538e-20
2024-12-01,12558,0.012596203242686189
2024-12-01,12591,0.0
2024-12-01,13447,0.0
2024-12-01,13760,4.2737281294781335e-19
2024-12-01,14579,0.0
2024-12-01,14776,0.0
2024-12-01,15315,0.001650273236169164
2024-12-01,16655,0.0
2024-12-01,16736,0.012854068611668585
2024-12-01,17700,0.0
2024-12-01,18421,0.04908707174226912
2024-12-01,19393,0.24054524925971432
2024-12-01,24010,0.0
2024-12-01,25232,0.0
2024-12-01,35044,0.0
2024-12-01,35554,0.0
2024-12-01,38156,0.0039321061055374576
2024-12-01,55976,0.30527210525607634
2024-12-01,75154,7.35927923440616e-19
2024-12-01,77274,0.14291754233989223
2024-12-01,79145,0.0
2024-12-01,83143,0.010094392063652514
2024-12-01,85059,1.1310259701860225e-18
2024-12-01,85631,1.6858548311211636e-18
2024-12-01,86964,0.076941196626086
2024-12-01,88661,0.0
2024-12-01,89031,2.3468503207298957e-19
2024-12-01,90199,1.736151710461539e-18
2024-12-01,90215,5.719677862719467e-19
2024-12-01,90601,1.1866113995568963e-17
2024-12-01,90808,0.0
2024-12-01,91041,0.0
2024-12-01,91103,0.0
2024-12-01,91937,0.08458260050715842
2024-12-01,92043,0.040242542470160285
2024-12-01,92050,0.011200282610786554
2024-12-01,92108,0.0
2024-12-01,93132,0.0
2024-12-01,93436,3.8886930283947494e-19
2025-01-01,10696,0.0
2025-01-01,11533,0.0
2025-01-01,11990,0.0
2025-01-01,12476,3.2142359511208157e-19
2025-01-01,12558,0.021773534084972877
2025-01-01,12591,0.0
2025-01-01,13447,0.0
2025-01-01,13760,9.348521500782522e-19
2025-01-01,14579,0.0
2025-01-01,14617,0.0
2025-01-01,14776,8.811065895202643e-19
2025-01-01,15315,0.010882524667202168
2025-01-01,15488,4.704052959746895e-19
2025-01-01,16655,0.0
2025-01-01,16736,0.017982565176014313
2025-01-01,17700,0.0
2025-01-01,18420,0.05689436958120223
2025-01-01,18421,0.0
2025-01-01,19393,0.25459435826534405
2025-01-01,24010,3.12843660532543e-19
2025-01-01,24643,2.845599926482817e-20
2025-01-01,55976,0.3229385989187061
2025-01-01,62308,2.5236188580051597e-18
2025-01-01,72726,0.0
2025-01-01,75154,0.0
2025-01-01,77274,0.1579162143134952
2025-01-01,79094,0.0
2025-01-01,79145,0.0
2025-01-01,83011,0.0
2025-01-01,85059,0.0
2025-01-01,85072,2.4147131231621e-18
2025-01-01,86964,0.08865003351415351
2025-01-01,88661,2.4160154248817563e-19
2025-01-01,89031,5.081020666268025e-18
2025-01-01,89393,0.019484195376779645
2025-01-01,90199,1.053188176035647e-19
2025-01-01,90808,2.984404917795077e-19
2025-01-01,91041,0.0
2025-01-01,91103,0.0
2025-01-01,92043,0.04888360610213007
2025-01-01,92108,0.0
2025-01-01,93002,6.553033269556247e-18
2025-01-01,93132,8.146942366223088e-20
2025-01-01,93436,6.218764440104745e-19
2025-02-01,11990,2.0887051225979108e-18
2025-02-01,12476,0.0
2025-02-01,12490,0.0999332456619533
2025-02-01,12591,2.7331648718794768e-18
2025-02-01,13407,0.0
2025-02-01,13760,0.0
2025-02-01,14776,2.820852343750997e-20
2025-02-01,15315,0.006574303691998708
2025-02-01,15826,1.9068627245694837e-19
2025-02-01,16655,0.0
2025-02-01,16736,3.922100820019227e-18
2025-02-01,18420,0.06707040594884225
2025-02-01,18421,1.2652394376744155e-17
2025-02-01,18726,7.14269845398499e-19
2025-02-01,24010,0.057617018273055744
2025-02-01,24328,0.007540452217827812
2025-02-01,55976,0.4220232419452929
2025-02-01,69032,8.8285801750849e-19
2025-02-01,69649,0.0
2025-02-01,75154,0.0
2025-02-01,76230,1.5851826887140195e-18
2025-02-01,77605,0.09398590362502987
2025-02-01,77702,0.0
2025-02-01,79094,2.0280040702622306e-18
2025-02-01,79145,0.0
2025-02-01,81055,0.0
2025-02-01,81655,1.1349458349756245e-18
2025-02-01,83011,2.1055872959680707e-18
2025-02-01,85072,5.028427828360218e-19
2025-02-01,86964,0.07464597848091488
2025-02-01,87356,0.0766312004708338
2025-02-01,88661,2.1710454022209546e-20
2025-02-01,89031,7.763187139673518e-19
2025-02-01,89393,0.02089449974265165
2025-02-01,90071,0.0
2025-02-01,91041,2.32779358287373e-18
2025-02-01,91103,0.0
2025-02-01,91926,4.669310155662499e-19
2025-02-01,92043,0.047908389928324045
2025-02-01,92050,0.02517536001327515
2025-02-01,92203,0.0
2025-02-01,93002,1.1223790828545747e-18
2025-02-01,93132,0.0
2025-02-01,93436,1.403481147578469e-19
2025-03-01,10696,1.4989263732518132e-18
2025-03-01,12476,1.1047027014647001e-18
2025-03-01,12591,0.0
2025-03-01,14579,0.0
2025-03-01,16655,0.0
2025-03-01,16736,0.0074187995315326445
2025-03-01,18420,0.03821369029802893
2025-03-01,18421,4.8918750819361765e-18
2025-03-01,18726,0.011981875539574327
2025-03-01,24010,0.07545838583481378
2025-03-01,24328,0.010775586867072617
2025-03-01,24643,0.0
2025-03-01,38156,0.011945904999909813
2025-03-01,38703,1.06795931191739e-19
2025-03-01,49656,0.0
2025-03-01,66093,0.16819783211529754
2025-03-01,69032,1.2054594407797123e-18
2025-03-01,69649,5.825336205264824e-19
2025-03-01,70519,0.0
2025-03-01,75154,5.607170491979588e-20
2025-03-01,77274,0.2767237755322491
2025-03-01,79094,0.0
2025-03-01,79145,0.0
2025-03-01,81055,1.0965758887527152e-19
2025-03-01,83011,3.766190676658676e-19
2025-03-01,84761,0.11029391106216992
2025-03-01,85072,0.0
2025-03-01,85753,0.021887913362965628
2025-03-01,86964,0.07383629726814973
2025-03-01,88661,0.0
2025-03-01,89031,1.1082313408409491e-18
2025-03-01,89393,0.008602002919598645
2025-03-01,90808,0.0
2025-03-01,91041,0.0
2025-03-01,91103,0.0
2025-03-01,91926,1.941332080368164e-20
2025-03-01,91937,0.09962406095429363
2025-03-01,92043,0.05699955998146733
2025-03-01,92050,0.015916930508054997
2025-03-01,92203,0.0
2025-03-01,92611,0.012123473224821416
2025-03-01,93132,0.0
2025-03-01,93436,0.0
2025-04-01,10696,0.0
2025-04-01,12476,0.0
2025-04-01,12558,5.0015013922033e-18
2025-04-01,13901,0.11118740347443481
2025-04-01,14579,1.8357803566989879e-19
2025-04-01,17743,0.0
2025-04-01,18420,2.2986743278812996e-18
2025-04-01,18421,0.0
2025-04-01,18726,0.02075912144659135
2025-04-01,21371,0.0
2025-04-01,21792,1.7028166202822217e-18
2025-04-01,24010,0.0
2025-04-01,24328,4.512127172662178e-19
2025-04-01,24643,8.056288533606137e-20
2025-04-01,38093,3.1004957801639864e-18
2025-04-01,38156,1.0072619510698447e-18
2025-04-01,38703,1.4295320590920352e-18
2025-04-01,62308,0.0
2025-04-01,65947,0.0
2025-04-01,66093,0.06490047623552336
2025-04-01,75034,1.1880858223825343e-18
2025-04-01,75186,1.1821240522248925e-19
2025-04-01,76082,0.017903170724404515
2025-04-01,76605,2.168959924018033e-18
2025-04-01,77274,0.10832056510340951
2025-04-01,79103,0.06824243852970394
2025-04-01,81061,0.015566861709648607
2025-04-01,81540,0.07354891714233917
2025-04-01,81655,2.3484494248691307e-19
2025-04-01,84761,0.07883998650092179
2025-04-01,85753,0.025664091636012496
2025-04-01,86228,0.16228481386310178
2025-04-01,86964,6.3909834729949605e-18
2025-04-01,87356,0.03961706485279704
2025-04-01,88661,2.2784440095227343e-19
2025-04-01,88837,0.0
2025-04-01,89031,6.132478957026981e-19
2025-04-01,89393,0.00713234933706341
2025-04-01,89626,0.10162388357906887
2025-04-01,91103,0.0
2025-04-01,91937,0.02263358281625288
2025-04-01,92602,0.08177527304872652
2025-04-01,92611,0.0
2025-04-01,93132,0.0
2025-05-01,12060,0.0
2025-05-01,12308,0.0
2025-05-01,12490,0.018442098258743933
2025-05-01,12623,0.0012532638094678447
2025-05-01,16678,0.0692546878305115
2025-05-01,17005,4.957523319537021e-18
2025-05-01,17743,3.6358936324138576e-18
2025-05-01,18420,0.0
2025-05-01,18421,8.502566686194776e-18
2025-05-01,18726,0.010104766019155128
2025-05-01,19561,1.2817064092981118e-18
2025-05-01,21371,1.027355571599047e-18
2025-05-01,21776,2.2731053052080376e-18
2025-05-01,21792,0.021225229009328134
2025-05-01,24328,1.4314851681865949e-18
2025-05-01,24643,8.314690479048283e-19
2025-05-01,36003,0.0
2025-05-01,55976,0.11603878521643518
2025-05-01,64390,0.02446902282959559
2025-05-01,66093,0.061134402201984385
2025-05-01,76605,4.422449228288123e-19
2025-05-01,77274,0.08929568327439107
2025-05-01,77605,0.0
2025-05-01,79094,0.0
2025-05-01,79103,0.05022591059173127
2025-05-01,80320,0.0
2025-05-01,81061,0.010964133921685036
2025-05-01,81481,0.0
2025-05-01,81540,0.06378809072845071
2025-05-01,81655,6.113634353099589e-20
2025-05-01,84761,0.06059904501704394
2025-05-01,85753,0.0028738716822052017
2025-05-01,86228,0.09930497681083683
2025-05-01,86356,0.0
2025-05-01,87356,0.03424146158038919
2025-05-01,88661,7.756389039968067e-19
2025-05-01,89031,2.2591348738765776e-18
2025-05-01,89393,0.0
2025-05-01,89626,0.113041927000297
2025-05-01,90071,6.498918248935381e-19
2025-05-01,90248,0.041209688562788664
2025-05-01,92602,0.09560377134648593
2025-05-01,92611,0.0
2025-05-01,93096,0.016929184308473448
2025-05-01,93132,0.0
2025-06-01,12060,1.0907666778267253e-18
2025-06-01,12622,3.4160838762765933e-18
2025-06-01,13103,3.536362554786704e-20
2025-06-01,16655,0.0
2025-06-01,17743,0.02126444446986421
2025-06-01,18420,0.017302010567686616
2025-06-01,18576,1.3488999685024733e-19
2025-06-01,18726,0.021829963934024994
2025-06-01,19561,0.0
2025-06-01,21207,0.035725141897121004
2025-06-01,21371,0.0
2025-06-01,24328,5.0186702124817295e-19
2025-06-01,24643,0.0
2025-06-01,45356,5.5618300899085496e-18
2025-06-01,46886,5.008082300641051e-19
2025-06-01,66093,0.07755092380033828
2025-06-01,76605,0.0521543598262385
2025-06-01,76709,0.0
2025-06-01,77274,0.12446725792786112
2025-06-01,78975,8.228925082575528e-19
2025-06-01,79094,0.0
2025-06-01,81481,0.010652663458043535
2025-06-01,81540,0.10350764473500478
2025-06-01,81655,4.719032307390521e-18
2025-06-01,84761,0.06652565111602014
2025-06-01,84769,0.0
2025-06-01,85072,1.3976043629695956e-20
2025-06-01,85753,0.015659181469381254
2025-06-01,86228,0.16272529400765973
2025-06-01,86356,3.9747021049908043e-19
2025-06-01,88661,0.0
2025-06-01,89393,0.0
2025-06-01,89626,0.1229449089732409
2025-06-01,89641,8.1293987112731475e-19
2025-06-01,90071,4.098157157053119e-18
2025-06-01,90386,0.0
2025-06-01,90455,4.1081097941833566e-19
2025-06-01,91152,0.0
2025-06-01,91907,0.001527324842258205
2025-06-01,92050,5.253721855344798e-19
2025-06-01,92322,0.0
2025-06-01,92602,0.11562821470515612
2025-06-01,92611,2.5529573030244612e-18
2025-06-01,93002,0.009188651896905238
2025-06-01,93096,0.04134636237319545
2025-07-01,10104,0.015742506198145136
2025-07-01,12060,0.0
2025-07-01,12490,0.06914227773178137
2025-07-01,12622,0.0
2025-07-01,12623,0.03113494355946221
2025-07-01,13407,0.0
2025-07-01,16655,1.6623021589865644e-18
2025-07-01,16736,0.0
2025-07-01,17005,0.02908352986725843
2025-07-01,17743,0.07790690152911332
2025-07-01,17830,1.511953810848926e-19
2025-07-01,18576,0.0
2025-07-01,18592,2.2622132438794226e-18
2025-07-01,18726,0.015565464800469246
2025-07-01,21207,0.03949619110078904
2025-07-01,21371,1.8183679795181693e-18
2025-07-01,24328,0.0
2025-07-01,24643,0.0
2025-07-01,45356,7.682588831596504e-19
2025-07-01,46886,0.0
2025-07-01,48486,2.526275765185951e-19
2025-07-01,52978,0.014267369368034409
2025-07-01,53613,3.0133197098571735e-19
2025-07-01,66093,0.10116474400886877
2025-07-01,66384,0.0
2025-07-01,76709,0.0
2025-07-01,79094,1.6940658945086007e-19
2025-07-01,79145,3.97681968735894e-19
2025-07-01,81061,0.07060811515558903
2025-07-01,81481,0.00930174552843782
2025-07-01,81540,0.10663271180942249
2025-07-01,84761,0.06589782599524231
2025-07-01,84769,1.2855842556952143e-18
2025-07-01,85059,0.0
2025-07-01,85753,0.06733809392554829
2025-07-01,87356,0.050425799564533656
2025-07-01,88661,0.0
2025-07-01,89031,0.015358490951207197
2025-07-01,89393,0.0013728149016758063
2025-07-01,89641,0.0
2025-07-01,90071,6.985904232479842e-19
2025-07-01,90386,0.0
2025-07-01,91907,2.803679055411734e-19
2025-07-01,92602,0.16758919806747424
2025-07-01,93096,0.05197127593694712
2025-08-01,10104,0.015167893751079775
2025-08-01,10107,0.07344776074717303
2025-08-01,11618,0.028089551041125066
2025-08-01,12060,0.008244991312185585
2025-08-01,12623,0.01655076729688804
2025-08-01,14297,3.2533223420349556e-18
2025-08-01,16600,0.21115385462618813
2025-08-01,16655,0.0
2025-08-01,16736,0.0
2025-08-01,18267,3.4717047135577256e-18
2025-08-01,18576,0.009328406865815118
2025-08-01,19561,0.0
2025-08-01,21207,0.04506306723441812
2025-08-01,21371,0.09093458545403382
2025-08-01,24643,1.0529315343610547e-19
2025-08-01,25582,0.12936941523880618
2025-08-01,45356,0.0
2025-08-01,52978,0.011143231853345488
2025-08-01,61241,4.0689571015885075e-19
2025-08-01,66384,5.379907305623974e-19
2025-08-01,76709,0.0
2025-08-01,78975,7.676919481630602e-19
2025-08-01,78987,7.210887094642282e-19
2025-08-01,79094,8.122107201891799e-19
2025-08-01,81481,0.0006854125833234821
2025-08-01,82694,0.02655639704578931
2025-08-01,84381,0.0
2025-08-01,84769,0.0016233357025629063
2025-08-01,85059,0.0
2025-08-01,85753,0.06365856549924917
2025-08-01,85792,0.0003609797483789789
2025-08-01,86356,1.5063730553189082e-18
2025-08-01,86580,3.0707203443842413e-19
2025-08-01,88661,3.3499058264234964e-18
2025-08-01,89533,7.299840539188695e-05
2025-08-01,89641,2.3737438919735895e-18
2025-08-01,90071,0.014891364892400111
2025-08-01,90386,2.759468951794755e-19
2025-08-01,91907,0.001043343767490764
2025-08-01,92157,0.0
2025-08-01,92322,0.0038180184495997
2025-08-01,92602,0.19621778793162745
2025-08-01,93002,0.001412465648258679
2025-08-01,93096,0.05116580490486927
2025-08-01,93246,1.182074263520691e-18
2025-09-01,10104,0.05020312534171872
2025-09-01,10516,0.09193072175165813
2025-09-01,11403,0.0
2025-09-01,11618,0.06941822441852527
2025-09-01,12060,0.011712451821515774
2025-09-01,12622,0.05036779215499703
2025-09-01,12623,0.004067435696485172
2025-09-01,14297,0.0
2025-09-01,14714,7.213099326322859e-19
2025-09-01,16655,3.7924223949957485e-18
2025-09-01,16736,1.6503525974521355e-18
2025-09-01,19561,3.1669398926683904e-19
2025-09-01,21207,0.07725897207371961
2025-09-01,22293,0.009740481630732878
2025-09-01,25582,0.17832378020543296
2025-09-01,48486,0.0
2025-09-01,61241,0.0
2025-09-01,66384,3.418875513947551e-19
2025-09-01,75154,0.0
2025-09-01,75828,0.21162527239817505
2025-09-01,76709,0.0
2025-09-01,77357,2.6307855894379125e-18
2025-09-01,77661,3.866258563187496e-18
2025-09-01,79094,0.0
2025-09-01,79145,0.0
2025-09-01,81481,0.02259362274401298
2025-09-01,82694,0.022391668468617634
2025-09-01,84769,1.0492044122115153e-19
2025-09-01,85059,3.983037183474681e-19
2025-09-01,85663,1.515744488596734e-18
2025-09-01,85792,0.0
2025-09-01,86356,0.010180966902941287
2025-09-01,86580,0.0
2025-09-01,89031,0.012713371289320784
2025-09-01,89533,0.0
2025-09-01,89641,0.004045728600157368
2025-09-01,90071,0.008598302164759724
2025-09-01,90386,4.629821762164648e-18
2025-09-01,90455,1.148569674889816e-19
2025-09-01,91547,0.06354772674223766
2025-09-01,91611,0.0
2025-09-01,92157,0.0
2025-09-01,92322,0.021564217273978475
2025-09-01,93002,6.477613958186183e-19
2025-09-01,93096,0.07971613832101361
2025-09-01,93246,0.0
2025-10-01,10104,0.05785991800500111
2025-10-01,12060,0.08948625684877423
2025-10-01,14542,0.06503199324583928
2025-10-01,14714,4.839744476580395e-19
2025-10-01,15707,0.0
2025-10-01,16655,0.0
2025-10-01,16736,2.7624297992768972e-18
2025-10-01,18267,0.0
2025-10-01,19583,2.4258279708545328e-18
2025-10-01,19788,0.0
2025-10-01,21207,0.22244565381440284
2025-10-01,22293,0.1035982877649475
2025-10-01,24643,0.0
2025-10-01,46886,0.0
2025-10-01,48486,3.3845970699589996e-18
2025-10-01,51369,2.72965540611835e-18
2025-10-01,53613,1.6894640125109095e-19
2025-10-01,59328,0.0
2025-10-01,61241,0.0
2025-10-01,66384,4.350827030930994e-19
2025-10-01,75154,0.0
2025-10-01,76709,0.04755710307063555
2025-10-01,79094,6.472142075855158e-19
2025-10-01,79145,1.2320253646684016e-18
2025-10-01,82694,0.020146657350296197
2025-10-01,84769,0.0
2025-10-01,85059,4.357965811158604e-19
2025-10-01,85663,1.2975453738137541e-18
2025-10-01,85792,3.0872050191462076e-18
2025-10-01,86580,0.0
2025-10-01,88661,9.929390164966911e-20
2025-10-01,89533,0.0
2025-10-01,89641,2.378869146894413e-18
2025-10-01,90071,0.030968648585376474
2025-10-01,90319,0.05316467334252419
2025-10-01,90455,4.617195887337279e-19
2025-10-01,91611,0.02524329753592707
2025-10-01,92043,0.08782602146908229
2025-10-01,92157,0.08482045044901365
2025-10-01,92322,0.11185103851817961
2025-10-01,93002,2.3996467574134612e-20
2025-10-01,93436,5.41664064573322e-19
2025-11-01,10104,0.04480333955297476
2025-11-01,12060,0.07027641722633857
2025-11-01,12369,0.0
2025-11-01,14542,0.06824125847382168
2025-11-01,14702,0.0
2025-11-01,14714,1.037603240907909e-18
2025-11-01,15707,0.0
2025-11-01,18267,3.632413883961348e-20
2025-11-01,18542,0.0761950863621337
2025-11-01,18911,2.7470300605883934e-18
2025-11-01,19583,2.1195403752604315e-18
2025-11-01,19788,0.0
2025-11-01,21207,0.18394164707454994
2025-11-01,22293,0.07065269100856823
2025-11-01,46886,0.0
2025-11-01,48486,9.692472016930708e-19
2025-11-01,51369,0.0
2025-11-01,53613,0.0
2025-11-01,59328,4.826199491142171e-19
2025-11-01,61241,0.0
2025-11-01,66384,3.6349127226055564e-18
2025-11-01,75154,0.0
2025-11-01,79094,6.748715308760322e-19
2025-11-01,80191,1.6887192985941164e-18
2025-11-01,82642,1.8686408999254486e-19
2025-11-01,82694,0.04056963079993865
2025-11-01,84769,0.0
2025-11-01,85059,5.953696453896943e-19
2025-11-01,85459,0.2109694146081821
2025-11-01,85792,7.109606308711329e-18
2025-11-01,86580,1.4106473642284085e-19
2025-11-01,88281,0.02457955156501536
2025-11-01,88661,0.0
2025-11-01,89641,0.0
2025-11-01,90071,0.023057164658196374
2025-11-01,90319,0.06109644574433081
2025-11-01,90455,0.0
2025-11-01,90505,0.011432226012794732
2025-11-01,91611,0.015524922131759716
2025-11-01,91907,0.0
2025-11-01,92043,0.07593000396654291
2025-11-01,92157,0.022730200814852372
2025-11-01,93002,1.7224248030016453e-18
2025-11-01,93436,0.0
2025-12-01,12369,1.0104153316966622e-17
2025-12-01,12623,0.07584168420887347
2025-12-01,13911,4.1289758337563525e-19
2025-12-01,14542,0.04684973522156764
2025-12-01,14702,3.721463041251094e-19
2025-12-01,14714,2.6508867467798276e-18
2025-12-01,16851,5.039587521299995e-19
2025-12-01,18224,0.0
2025-12-01,18542,0.015549318710351328
2025-12-01,19583,9.580571871651728e-20
2025-12-01,21207,0.06849561803222928
2025-12-01,22293,0.017600880808744276
2025-12-01,22752,0.23361482083287663
2025-12-01,34817,0.0
2025-12-01,39490,4.438202528938034e-19
2025-12-01,41080,0.046612877800643694
2025-12-01,46886,0.0
2025-12-01,48486,0.0
2025-12-01,50876,0.0468231791897348
2025-12-01,51369,0.0
2025-12-01,53613,1.0755129957447837e-18
2025-12-01,59328,2.878193505013571e-19
2025-12-01,61241,0.0
2025-12-01,62092,0.0
2025-12-01,66384,0.0
2025-12-01,70519,0.02327056276409857
2025-12-01,75828,0.19148619235698974
2025-12-01,76614,0.025037649446198466
2025-12-01,76709,0.0
2025-12-01,76712,1.1575608092528495e-17
2025-12-01,76841,0.0
2025-12-01,79906,0.08455869053203727
2025-12-01,80191,0.0
2025-12-01,82642,3.536001354958278e-19
2025-12-01,84769,0.022628866269556208
2025-12-01,85059,6.535801863810814e-19
2025-12-01,85459,0.0982296611116336
2025-12-01,88661,5.287346815030051e-19
2025-12-01,89533,0.0
2025-12-01,89641,6.935245551846851e-19
2025-12-01,90319,0.0
2025-12-01,90455,2.1327238505600213e-19
2025-12-01,90505,0.0
2025-12-01,90808,0.0
2025-12-01,91611,0.0034002627144649566
2025-12-01,92157,1.3042340902930946e-18
2025-12-01,93002,1.3076032521332947e-19
